[21:54:29] [INIT] KubeJS 2001.6.5-build.16; MC 2001 forge
[21:54:29] [INIT] Loaded plugins:
[21:54:29] [INIT] - dev.latvian.mods.kubejs.forge.BuiltinKubeJSForgePlugin
[21:54:29] [INIT] - dev.latvian.mods.kubejs.forge.BuiltinKubeJSForgeClientPlugin
[21:54:29] [INIT] - thedarkcolour.exdeorum.compat.kubejs.ExDeorumKubeJsPlugin
[21:54:29] [INIT] - pie.ilikepiefoo.AdditionsPlugin
[21:54:29] [INIT] - pie.ilikepiefoo.compat.jei.JEIKubeJSPlugin
[21:54:29] [INIT] - com.lowdragmc.lowdraglib.kjs.LDLibKubeJSPlugin
[21:54:29] [INIT] - dev.ftb.mods.ftbxmodcompat.ftbquests.kubejs.KubeJSIntegration
[21:54:29] [INIT] - dev.ftb.mods.ftbxmodcompat.ftbchunks.kubejs.FTBChunksKubeJSPlugin
[21:54:29] [INIT] - dev.ftb.mods.ftbxmodcompat.ftbteams.kubejs.FTBTeamsKubeJSPlugin
[21:54:29] [INIT] - qinomed.kubejsdelight.KubeJSDelightPlugin
[21:54:29] [INIT] - com.probejs.ProbeJSPlugin
[21:54:29] [INIT] - fr.frinn.custommachinery.common.integration.kubejs.CustomMachineryKubeJSPlugin
[21:54:29] [INIT] - com.gregtechceu.gtceu.integration.kjs.GregTechKubeJSPlugin
[21:54:29] [INIT] - net.yxiao233.kubejsthermalaugments.kubejs.ModKubeJSPlugin
[21:54:29] [INIT] - dev.latvian.mods.kubejs.create.KubeJSCreatePlugin
[21:54:29] [INFO] Loaded script client_scripts:jei.js in 0.006 s
[21:54:29] [INFO] Loaded 1/1 KubeJS client scripts in 0.054 s with 0 errors and 0 warnings
[21:54:37] [INFO] Client resource reload complete!
[21:55:33] [ERROR] ! Error in 'JEIEvents.hideItems': Non [a-z0-9/._-] character in path of location: create:xycraft_world:raw_aluminum
[21:55:33] [ERROR] ! net.minecraft.ResourceLocationException: Non [a-z0-9/._-] character in path of location: create:xycraft_world:raw_aluminum
[21:55:33] [ERROR] !   at net.minecraft.resources.ResourceLocation.m_245185_(ResourceLocation.java:242)
[21:55:33] [ERROR] !   at net.minecraft.resources.ResourceLocation.<init>(ResourceLocation.java:40)
[21:55:33] [ERROR] !   at net.minecraft.resources.ResourceLocation.<init>(ResourceLocation.java:44)
[21:55:33] [ERROR] !   at net.minecraft.resources.ResourceLocation.<init>(ResourceLocation.java:50)
[21:55:33] [ERROR] !   at …kubejs.item.ingredient.IngredientJS.parse(IngredientJS.java:145)
[21:55:33] [ERROR] !   at …kubejs.item.ingredient.IngredientJS.of(IngredientJS.java:55)
[21:55:33] [ERROR] !   at …kubejs.integration.forge.jei.HideJEIEventJS.hide(HideJEIEventJS.java:35)
[21:55:33] [ERROR] !   at java.lang.reflect.Method.invoke(Unknown Source)
[21:55:33] [ERROR] !   at …rhino.MemberBox.invoke(MemberBox.java:160)
[21:55:33] [ERROR] !   at …rhino.NativeJavaMethod.call(NativeJavaMethod.java:463)
[21:55:33] [ERROR] !   at …rhino.Interpreter.interpretLoop(Interpreter.java:986)
[21:55:33] [ERROR] !   at …rhino.Interpreter.interpret(Interpreter.java:370)
[21:55:33] [ERROR] !   at …rhino.InterpretedFunction.call(InterpretedFunction.java:72)
[21:55:33] [ERROR] !   at …rhino.Context.callSync(Context.java:1357)
[21:55:33] [ERROR] !   at …rhino.ArrowFunction.call(ArrowFunction.java:42)
[21:55:33] [ERROR] !   at …rhino.NativeArray.iterativeMethod(NativeArray.java:1314)
[21:55:33] [ERROR] !   at …rhino.NativeArray.execIdCall(NativeArray.java:1798)
[21:55:33] [ERROR] !   at …rhino.IdFunctionObject.call(IdFunctionObject.java:103)
[21:55:33] [ERROR] !   at …rhino.Interpreter.interpretLoop(Interpreter.java:986)
[21:55:33] [ERROR] !   at …rhino.Interpreter.interpret(Interpreter.java:370)
[21:55:33] [ERROR] !   at …rhino.InterpretedFunction.call(InterpretedFunction.java:72)
[21:55:33] [ERROR] !   at …rhino.Context.callSync(Context.java:1357)
[21:55:33] [ERROR] !   at …rhino.ArrowFunction.call(ArrowFunction.java:42)
[21:55:33] [ERROR] !   at …rhino.NativeArray.iterativeMethod(NativeArray.java:1314)
[21:55:33] [ERROR] !   at …rhino.NativeArray.execIdCall(NativeArray.java:1798)
[21:55:33] [ERROR] !   at …rhino.IdFunctionObject.call(IdFunctionObject.java:103)
[21:55:33] [ERROR] !   at …rhino.Interpreter.interpretLoop(Interpreter.java:986)
[21:55:33] [ERROR] !   at …rhino.Interpreter.interpret(Interpreter.java:370)
[21:55:33] [ERROR] !   at …rhino.InterpretedFunction.call(InterpretedFunction.java:72)
[21:55:33] [ERROR] !   at …rhino.Context.callSync(Context.java:1357)
[21:55:33] [ERROR] !   at …rhino.Context.doTopCall(Context.java:1374)
[21:55:33] [ERROR] !   at …rhino.InterpretedFunction.call(InterpretedFunction.java:70)
[21:55:33] [ERROR] !   at …rhino.Context.callSync(Context.java:1357)
[21:55:33] [ERROR] !   at …rhino.ArrowFunction.call(ArrowFunction.java:42)
[21:55:33] [ERROR] !   at …rhino.Context.callSync(Context.java:1357)
[21:55:33] [ERROR] !   at …rhino.InterfaceAdapter.invoke(InterfaceAdapter.java:125)
[21:55:33] [ERROR] !   at …rhino.VMBridge.lambda$newInterfaceProxy$0(VMBridge.java:74)
[21:55:33] [ERROR] !   at TRANSFORMER/jdk.proxy3/jdk.proxy3.$Proxy95.onEvent(Unknown Source)
[21:55:33] [ERROR] !   at …kubejs.event.EventHandlerContainer.handle(EventHandlerContainer.java:39)
[21:55:33] [ERROR] !   at …kubejs.event.EventHandler.postToHandlers(EventHandler.java:304)
[21:55:33] [ERROR] !   at …kubejs.event.EventHandler.post(EventHandler.java:272)
[21:55:33] [ERROR] !   at …kubejs.event.EventHandler.post(EventHandler.java:226)
[21:55:33] [ERROR] !   at …kubejs.event.EventHandler.post(EventHandler.java:189)
[21:55:33] [ERROR] !   at …kubejs.integration.forge.jei.JEIPlugin.onRuntimeAvailable(JEIPlugin.java:40)
[21:55:33] [ERROR] !   at mezz.jei.library.startup.JeiStarter.lambda$start$3(JeiStarter.java:158)
[21:55:33] [ERROR] !   at mezz.jei.library.load.PluginCaller.callOnPlugins(PluginCaller.java:25)
[21:55:33] [ERROR] !   at mezz.jei.library.startup.JeiStarter.start(JeiStarter.java:158)
[21:55:33] [ERROR] !   at mezz.jei.forge.startup.StartEventObserver.transitionState(StartEventObserver.java:130)
[21:55:33] [ERROR] !   at mezz.jei.forge.startup.StartEventObserver.onEvent(StartEventObserver.java:98)
[21:55:33] [ERROR] !   at MC-BOOTSTRAP/net.minecraftforge.eventbus/net.minecraftforge.eventbus.EventBus.doCastFilter(EventBus.java:260)
[21:55:33] [ERROR] !   at MC-BOOTSTRAP/net.minecraftforge.eventbus/net.minecraftforge.eventbus.EventBus.lambda$addListener$11(EventBus.java:252)
[21:55:33] [ERROR] !   at MC-BOOTSTRAP/net.minecraftforge.eventbus/net.minecraftforge.eventbus.EventBus.post(EventBus.java:315)
[21:55:33] [ERROR] !   at MC-BOOTSTRAP/net.minecraftforge.eventbus/net.minecraftforge.eventbus.EventBus.post(EventBus.java:296)
[21:55:33] [ERROR] !   at net.minecraftforge.client.ForgeHooksClient.onRecipesUpdated(ForgeHooksClient.java:718)
[21:55:33] [ERROR] !   at net.minecraft.client.multiplayer.ClientPacketListener.m_6327_(ClientPacketListener.java:1354)
[21:55:33] [ERROR] !   at net.minecraft.network.protocol.game.ClientboundUpdateRecipesPacket.m_5797_(ClientboundUpdateRecipesPacket.java:32)
[21:55:33] [ERROR] !   at net.minecraft.network.protocol.game.ClientboundUpdateRecipesPacket.m_5797_(ClientboundUpdateRecipesPacket.java:14)
[21:55:33] [ERROR] !   at net.minecraft.network.protocol.PacketUtils.m_263899_(PacketUtils.java:22)
[21:55:33] [ERROR] !   at net.minecraft.util.thread.BlockableEventLoop.m_6367_(BlockableEventLoop.java:156)
[21:55:33] [ERROR] !   at net.minecraft.util.thread.ReentrantBlockableEventLoop.m_6367_(ReentrantBlockableEventLoop.java:23)
[21:55:33] [ERROR] !   at net.minecraft.util.thread.BlockableEventLoop.m_7245_(BlockableEventLoop.java:130)
[21:55:33] [ERROR] !   at net.minecraft.util.thread.BlockableEventLoop.m_18699_(BlockableEventLoop.java:115)
[21:55:33] [ERROR] !   at net.minecraft.client.Minecraft.m_91383_(Minecraft.java:1106)
[21:55:33] [ERROR] !   at net.minecraft.client.Minecraft.m_91374_(Minecraft.java:718)
[21:55:33] [ERROR] !   at net.minecraft.client.main.Main.main(Main.java:218)
[21:55:33] [ERROR] !   at java.lang.reflect.Method.invoke(Unknown Source)
[21:55:33] [ERROR] !   at MC-BOOTSTRAP/fmlloader@1.20.1-47.4.6/net.minecraftforge.fml.loading.targets.CommonLaunchHandler.runTarget(CommonLaunchHandler.java:111)
[21:55:33] [ERROR] !   at MC-BOOTSTRAP/fmlloader@1.20.1-47.4.6/net.minecraftforge.fml.loading.targets.CommonLaunchHandler.clientService(CommonLaunchHandler.java:99)
[21:55:33] [ERROR] !   at MC-BOOTSTRAP/fmlloader@1.20.1-47.4.6/net.minecraftforge.fml.loading.targets.CommonClientLaunchHandler.lambda$makeService$0(CommonClientLaunchHandler.java:25)
[21:55:33] [ERROR] !   at MC-BOOTSTRAP/cpw.mods.modlauncher@10.0.9/cpw.mods.modlauncher.LaunchServiceHandlerDecorator.launch(LaunchServiceHandlerDecorator.java:30)
[21:55:33] [ERROR] !   at MC-BOOTSTRAP/cpw.mods.modlauncher@10.0.9/cpw.mods.modlauncher.LaunchServiceHandler.launch(LaunchServiceHandler.java:53)
[21:55:33] [ERROR] !   at MC-BOOTSTRAP/cpw.mods.modlauncher@10.0.9/cpw.mods.modlauncher.LaunchServiceHandler.launch(LaunchServiceHandler.java:71)
[21:55:33] [ERROR] !   at MC-BOOTSTRAP/cpw.mods.modlauncher@10.0.9/cpw.mods.modlauncher.Launcher.run(Launcher.java:108)
[21:55:33] [ERROR] !   at MC-BOOTSTRAP/cpw.mods.modlauncher@10.0.9/cpw.mods.modlauncher.Launcher.main(Launcher.java:78)
[21:55:33] [ERROR] !   at MC-BOOTSTRAP/cpw.mods.modlauncher@10.0.9/cpw.mods.modlauncher.BootstrapLaunchConsumer.accept(BootstrapLaunchConsumer.java:26)
[21:55:33] [ERROR] !   at MC-BOOTSTRAP/cpw.mods.modlauncher@10.0.9/cpw.mods.modlauncher.BootstrapLaunchConsumer.accept(BootstrapLaunchConsumer.java:23)
[21:55:33] [ERROR] !   at cpw.mods.bootstraplauncher@1.1.2/cpw.mods.bootstraplauncher.BootstrapLauncher.main(BootstrapLauncher.java:141)
[21:57:35] [ERROR] ! Error in 'JEIEvents.hideItems': Non [a-z0-9/._-] character in path of location: create:xycraft_world:raw_aluminum
[21:57:35] [ERROR] ! net.minecraft.ResourceLocationException: Non [a-z0-9/._-] character in path of location: create:xycraft_world:raw_aluminum
[21:57:35] [ERROR] !   at net.minecraft.resources.ResourceLocation.m_245185_(ResourceLocation.java:242)
[21:57:35] [ERROR] !   at net.minecraft.resources.ResourceLocation.<init>(ResourceLocation.java:40)
[21:57:35] [ERROR] !   at net.minecraft.resources.ResourceLocation.<init>(ResourceLocation.java:44)
[21:57:35] [ERROR] !   at net.minecraft.resources.ResourceLocation.<init>(ResourceLocation.java:50)
[21:57:35] [ERROR] !   at …kubejs.item.ingredient.IngredientJS.parse(IngredientJS.java:145)
[21:57:35] [ERROR] !   at …kubejs.item.ingredient.IngredientJS.of(IngredientJS.java:55)
[21:57:35] [ERROR] !   at …kubejs.integration.forge.jei.HideJEIEventJS.hide(HideJEIEventJS.java:35)
[21:57:35] [ERROR] !   at java.lang.reflect.Method.invoke(Unknown Source)
[21:57:35] [ERROR] !   at …rhino.MemberBox.invoke(MemberBox.java:160)
[21:57:35] [ERROR] !   at …rhino.NativeJavaMethod.call(NativeJavaMethod.java:463)
[21:57:35] [ERROR] !   at …rhino.Interpreter.interpretLoop(Interpreter.java:986)
[21:57:35] [ERROR] !   at …rhino.Interpreter.interpret(Interpreter.java:370)
[21:57:35] [ERROR] !   at …rhino.InterpretedFunction.call(InterpretedFunction.java:72)
[21:57:35] [ERROR] !   at …rhino.Context.callSync(Context.java:1357)
[21:57:35] [ERROR] !   at …rhino.ArrowFunction.call(ArrowFunction.java:42)
[21:57:35] [ERROR] !   at …rhino.NativeArray.iterativeMethod(NativeArray.java:1314)
[21:57:35] [ERROR] !   at …rhino.NativeArray.execIdCall(NativeArray.java:1798)
[21:57:35] [ERROR] !   at …rhino.IdFunctionObject.call(IdFunctionObject.java:103)
[21:57:35] [ERROR] !   at …rhino.Interpreter.interpretLoop(Interpreter.java:986)
[21:57:35] [ERROR] !   at …rhino.Interpreter.interpret(Interpreter.java:370)
[21:57:35] [ERROR] !   at …rhino.InterpretedFunction.call(InterpretedFunction.java:72)
[21:57:35] [ERROR] !   at …rhino.Context.callSync(Context.java:1357)
[21:57:35] [ERROR] !   at …rhino.ArrowFunction.call(ArrowFunction.java:42)
[21:57:35] [ERROR] !   at …rhino.NativeArray.iterativeMethod(NativeArray.java:1314)
[21:57:35] [ERROR] !   at …rhino.NativeArray.execIdCall(NativeArray.java:1798)
[21:57:35] [ERROR] !   at …rhino.IdFunctionObject.call(IdFunctionObject.java:103)
[21:57:35] [ERROR] !   at …rhino.Interpreter.interpretLoop(Interpreter.java:986)
[21:57:35] [ERROR] !   at …rhino.Interpreter.interpret(Interpreter.java:370)
[21:57:35] [ERROR] !   at …rhino.InterpretedFunction.call(InterpretedFunction.java:72)
[21:57:35] [ERROR] !   at …rhino.Context.callSync(Context.java:1357)
[21:57:35] [ERROR] !   at …rhino.Context.doTopCall(Context.java:1374)
[21:57:35] [ERROR] !   at …rhino.InterpretedFunction.call(InterpretedFunction.java:70)
[21:57:35] [ERROR] !   at …rhino.Context.callSync(Context.java:1357)
[21:57:35] [ERROR] !   at …rhino.ArrowFunction.call(ArrowFunction.java:42)
[21:57:35] [ERROR] !   at …rhino.Context.callSync(Context.java:1357)
[21:57:35] [ERROR] !   at …rhino.InterfaceAdapter.invoke(InterfaceAdapter.java:125)
[21:57:35] [ERROR] !   at …rhino.VMBridge.lambda$newInterfaceProxy$0(VMBridge.java:74)
[21:57:35] [ERROR] !   at TRANSFORMER/jdk.proxy3/jdk.proxy3.$Proxy95.onEvent(Unknown Source)
[21:57:35] [ERROR] !   at …kubejs.event.EventHandlerContainer.handle(EventHandlerContainer.java:39)
[21:57:35] [ERROR] !   at …kubejs.event.EventHandler.postToHandlers(EventHandler.java:304)
[21:57:35] [ERROR] !   at …kubejs.event.EventHandler.post(EventHandler.java:272)
[21:57:35] [ERROR] !   at …kubejs.event.EventHandler.post(EventHandler.java:226)
[21:57:35] [ERROR] !   at …kubejs.event.EventHandler.post(EventHandler.java:189)
[21:57:35] [ERROR] !   at …kubejs.integration.forge.jei.JEIPlugin.onRuntimeAvailable(JEIPlugin.java:40)
[21:57:35] [ERROR] !   at mezz.jei.library.startup.JeiStarter.lambda$start$3(JeiStarter.java:158)
[21:57:35] [ERROR] !   at mezz.jei.library.load.PluginCaller.callOnPlugins(PluginCaller.java:25)
[21:57:35] [ERROR] !   at mezz.jei.library.startup.JeiStarter.start(JeiStarter.java:158)
[21:57:35] [ERROR] !   at mezz.jei.forge.startup.StartEventObserver.transitionState(StartEventObserver.java:130)
[21:57:35] [ERROR] !   at mezz.jei.forge.startup.StartEventObserver.restart(StartEventObserver.java:109)
[21:57:35] [ERROR] !   at mezz.jei.forge.startup.StartEventObserver.onEvent(StartEventObserver.java:96)
[21:57:35] [ERROR] !   at MC-BOOTSTRAP/net.minecraftforge.eventbus/net.minecraftforge.eventbus.EventBus.doCastFilter(EventBus.java:260)
[21:57:35] [ERROR] !   at MC-BOOTSTRAP/net.minecraftforge.eventbus/net.minecraftforge.eventbus.EventBus.lambda$addListener$11(EventBus.java:252)
[21:57:35] [ERROR] !   at MC-BOOTSTRAP/net.minecraftforge.eventbus/net.minecraftforge.eventbus.EventBus.post(EventBus.java:315)
[21:57:35] [ERROR] !   at MC-BOOTSTRAP/net.minecraftforge.eventbus/net.minecraftforge.eventbus.EventBus.post(EventBus.java:296)
[21:57:35] [ERROR] !   at net.minecraftforge.client.ForgeHooksClient.onRecipesUpdated(ForgeHooksClient.java:718)
[21:57:35] [ERROR] !   at net.minecraft.client.multiplayer.ClientPacketListener.m_6327_(ClientPacketListener.java:1354)
[21:57:35] [ERROR] !   at net.minecraft.network.protocol.game.ClientboundUpdateRecipesPacket.m_5797_(ClientboundUpdateRecipesPacket.java:32)
[21:57:35] [ERROR] !   at net.minecraft.network.protocol.game.ClientboundUpdateRecipesPacket.m_5797_(ClientboundUpdateRecipesPacket.java:14)
[21:57:35] [ERROR] !   at net.minecraft.network.protocol.PacketUtils.m_263899_(PacketUtils.java:22)
[21:57:35] [ERROR] !   at net.minecraft.util.thread.BlockableEventLoop.m_6367_(BlockableEventLoop.java:156)
[21:57:35] [ERROR] !   at net.minecraft.util.thread.ReentrantBlockableEventLoop.m_6367_(ReentrantBlockableEventLoop.java:23)
[21:57:35] [ERROR] !   at net.minecraft.util.thread.BlockableEventLoop.m_7245_(BlockableEventLoop.java:130)
[21:57:35] [ERROR] !   at net.minecraft.util.thread.BlockableEventLoop.m_18699_(BlockableEventLoop.java:115)
[21:57:35] [ERROR] !   at net.minecraft.client.Minecraft.m_91383_(Minecraft.java:1106)
[21:57:35] [ERROR] !   at net.minecraft.client.Minecraft.m_91374_(Minecraft.java:718)
[21:57:35] [ERROR] !   at net.minecraft.client.main.Main.main(Main.java:218)
[21:57:35] [ERROR] !   at java.lang.reflect.Method.invoke(Unknown Source)
[21:57:35] [ERROR] !   at MC-BOOTSTRAP/fmlloader@1.20.1-47.4.6/net.minecraftforge.fml.loading.targets.CommonLaunchHandler.runTarget(CommonLaunchHandler.java:111)
[21:57:35] [ERROR] !   at MC-BOOTSTRAP/fmlloader@1.20.1-47.4.6/net.minecraftforge.fml.loading.targets.CommonLaunchHandler.clientService(CommonLaunchHandler.java:99)
[21:57:35] [ERROR] !   at MC-BOOTSTRAP/fmlloader@1.20.1-47.4.6/net.minecraftforge.fml.loading.targets.CommonClientLaunchHandler.lambda$makeService$0(CommonClientLaunchHandler.java:25)
[21:57:35] [ERROR] !   at MC-BOOTSTRAP/cpw.mods.modlauncher@10.0.9/cpw.mods.modlauncher.LaunchServiceHandlerDecorator.launch(LaunchServiceHandlerDecorator.java:30)
[21:57:35] [ERROR] !   at MC-BOOTSTRAP/cpw.mods.modlauncher@10.0.9/cpw.mods.modlauncher.LaunchServiceHandler.launch(LaunchServiceHandler.java:53)
[21:57:35] [ERROR] !   at MC-BOOTSTRAP/cpw.mods.modlauncher@10.0.9/cpw.mods.modlauncher.LaunchServiceHandler.launch(LaunchServiceHandler.java:71)
[21:57:35] [ERROR] !   at MC-BOOTSTRAP/cpw.mods.modlauncher@10.0.9/cpw.mods.modlauncher.Launcher.run(Launcher.java:108)
[21:57:35] [ERROR] !   at MC-BOOTSTRAP/cpw.mods.modlauncher@10.0.9/cpw.mods.modlauncher.Launcher.main(Launcher.java:78)
[21:57:35] [ERROR] !   at MC-BOOTSTRAP/cpw.mods.modlauncher@10.0.9/cpw.mods.modlauncher.BootstrapLaunchConsumer.accept(BootstrapLaunchConsumer.java:26)
[21:57:35] [ERROR] !   at MC-BOOTSTRAP/cpw.mods.modlauncher@10.0.9/cpw.mods.modlauncher.BootstrapLaunchConsumer.accept(BootstrapLaunchConsumer.java:23)
[21:57:35] [ERROR] !   at cpw.mods.bootstraplauncher@1.1.2/cpw.mods.bootstraplauncher.BootstrapLauncher.main(BootstrapLauncher.java:141)
[21:59:28] [ERROR] ! Error in 'JEIEvents.hideItems': Non [a-z0-9/._-] character in path of location: create:xycraft_world:raw_aluminum
[21:59:28] [ERROR] ! net.minecraft.ResourceLocationException: Non [a-z0-9/._-] character in path of location: create:xycraft_world:raw_aluminum
[21:59:28] [ERROR] !   at net.minecraft.resources.ResourceLocation.m_245185_(ResourceLocation.java:242)
[21:59:28] [ERROR] !   at net.minecraft.resources.ResourceLocation.<init>(ResourceLocation.java:40)
[21:59:28] [ERROR] !   at net.minecraft.resources.ResourceLocation.<init>(ResourceLocation.java:44)
[21:59:28] [ERROR] !   at net.minecraft.resources.ResourceLocation.<init>(ResourceLocation.java:50)
[21:59:28] [ERROR] !   at …kubejs.item.ingredient.IngredientJS.parse(IngredientJS.java:145)
[21:59:28] [ERROR] !   at …kubejs.item.ingredient.IngredientJS.of(IngredientJS.java:55)
[21:59:28] [ERROR] !   at …kubejs.integration.forge.jei.HideJEIEventJS.hide(HideJEIEventJS.java:35)
[21:59:28] [ERROR] !   at java.lang.reflect.Method.invoke(Unknown Source)
[21:59:28] [ERROR] !   at …rhino.MemberBox.invoke(MemberBox.java:160)
[21:59:28] [ERROR] !   at …rhino.NativeJavaMethod.call(NativeJavaMethod.java:463)
[21:59:28] [ERROR] !   at …rhino.Interpreter.interpretLoop(Interpreter.java:986)
[21:59:28] [ERROR] !   at …rhino.Interpreter.interpret(Interpreter.java:370)
[21:59:28] [ERROR] !   at …rhino.InterpretedFunction.call(InterpretedFunction.java:72)
[21:59:28] [ERROR] !   at …rhino.Context.callSync(Context.java:1357)
[21:59:28] [ERROR] !   at …rhino.ArrowFunction.call(ArrowFunction.java:42)
[21:59:28] [ERROR] !   at …rhino.NativeArray.iterativeMethod(NativeArray.java:1314)
[21:59:28] [ERROR] !   at …rhino.NativeArray.execIdCall(NativeArray.java:1798)
[21:59:28] [ERROR] !   at …rhino.IdFunctionObject.call(IdFunctionObject.java:103)
[21:59:28] [ERROR] !   at …rhino.Interpreter.interpretLoop(Interpreter.java:986)
[21:59:28] [ERROR] !   at …rhino.Interpreter.interpret(Interpreter.java:370)
[21:59:28] [ERROR] !   at …rhino.InterpretedFunction.call(InterpretedFunction.java:72)
[21:59:28] [ERROR] !   at …rhino.Context.callSync(Context.java:1357)
[21:59:28] [ERROR] !   at …rhino.ArrowFunction.call(ArrowFunction.java:42)
[21:59:28] [ERROR] !   at …rhino.NativeArray.iterativeMethod(NativeArray.java:1314)
[21:59:28] [ERROR] !   at …rhino.NativeArray.execIdCall(NativeArray.java:1798)
[21:59:28] [ERROR] !   at …rhino.IdFunctionObject.call(IdFunctionObject.java:103)
[21:59:28] [ERROR] !   at …rhino.Interpreter.interpretLoop(Interpreter.java:986)
[21:59:28] [ERROR] !   at …rhino.Interpreter.interpret(Interpreter.java:370)
[21:59:28] [ERROR] !   at …rhino.InterpretedFunction.call(InterpretedFunction.java:72)
[21:59:28] [ERROR] !   at …rhino.Context.callSync(Context.java:1357)
[21:59:28] [ERROR] !   at …rhino.Context.doTopCall(Context.java:1374)
[21:59:28] [ERROR] !   at …rhino.InterpretedFunction.call(InterpretedFunction.java:70)
[21:59:28] [ERROR] !   at …rhino.Context.callSync(Context.java:1357)
[21:59:28] [ERROR] !   at …rhino.ArrowFunction.call(ArrowFunction.java:42)
[21:59:28] [ERROR] !   at …rhino.Context.callSync(Context.java:1357)
[21:59:28] [ERROR] !   at …rhino.InterfaceAdapter.invoke(InterfaceAdapter.java:125)
[21:59:28] [ERROR] !   at …rhino.VMBridge.lambda$newInterfaceProxy$0(VMBridge.java:74)
[21:59:28] [ERROR] !   at TRANSFORMER/jdk.proxy3/jdk.proxy3.$Proxy95.onEvent(Unknown Source)
[21:59:28] [ERROR] !   at …kubejs.event.EventHandlerContainer.handle(EventHandlerContainer.java:39)
[21:59:28] [ERROR] !   at …kubejs.event.EventHandler.postToHandlers(EventHandler.java:304)
[21:59:28] [ERROR] !   at …kubejs.event.EventHandler.post(EventHandler.java:272)
[21:59:28] [ERROR] !   at …kubejs.event.EventHandler.post(EventHandler.java:226)
[21:59:28] [ERROR] !   at …kubejs.event.EventHandler.post(EventHandler.java:189)
[21:59:28] [ERROR] !   at …kubejs.integration.forge.jei.JEIPlugin.onRuntimeAvailable(JEIPlugin.java:40)
[21:59:28] [ERROR] !   at mezz.jei.library.startup.JeiStarter.lambda$start$3(JeiStarter.java:158)
[21:59:28] [ERROR] !   at mezz.jei.library.load.PluginCaller.callOnPlugins(PluginCaller.java:25)
[21:59:28] [ERROR] !   at mezz.jei.library.startup.JeiStarter.start(JeiStarter.java:158)
[21:59:28] [ERROR] !   at mezz.jei.forge.startup.StartEventObserver.transitionState(StartEventObserver.java:130)
[21:59:28] [ERROR] !   at mezz.jei.forge.startup.StartEventObserver.restart(StartEventObserver.java:109)
[21:59:28] [ERROR] !   at mezz.jei.forge.startup.StartEventObserver.onEvent(StartEventObserver.java:96)
[21:59:28] [ERROR] !   at MC-BOOTSTRAP/net.minecraftforge.eventbus/net.minecraftforge.eventbus.EventBus.doCastFilter(EventBus.java:260)
[21:59:28] [ERROR] !   at MC-BOOTSTRAP/net.minecraftforge.eventbus/net.minecraftforge.eventbus.EventBus.lambda$addListener$11(EventBus.java:252)
[21:59:28] [ERROR] !   at MC-BOOTSTRAP/net.minecraftforge.eventbus/net.minecraftforge.eventbus.EventBus.post(EventBus.java:315)
[21:59:28] [ERROR] !   at MC-BOOTSTRAP/net.minecraftforge.eventbus/net.minecraftforge.eventbus.EventBus.post(EventBus.java:296)
[21:59:28] [ERROR] !   at net.minecraftforge.client.ForgeHooksClient.onRecipesUpdated(ForgeHooksClient.java:718)
[21:59:28] [ERROR] !   at net.minecraft.client.multiplayer.ClientPacketListener.m_6327_(ClientPacketListener.java:1354)
[21:59:28] [ERROR] !   at net.minecraft.network.protocol.game.ClientboundUpdateRecipesPacket.m_5797_(ClientboundUpdateRecipesPacket.java:32)
[21:59:28] [ERROR] !   at net.minecraft.network.protocol.game.ClientboundUpdateRecipesPacket.m_5797_(ClientboundUpdateRecipesPacket.java:14)
[21:59:28] [ERROR] !   at net.minecraft.network.protocol.PacketUtils.m_263899_(PacketUtils.java:22)
[21:59:28] [ERROR] !   at net.minecraft.util.thread.BlockableEventLoop.m_6367_(BlockableEventLoop.java:156)
[21:59:28] [ERROR] !   at net.minecraft.util.thread.ReentrantBlockableEventLoop.m_6367_(ReentrantBlockableEventLoop.java:23)
[21:59:28] [ERROR] !   at net.minecraft.util.thread.BlockableEventLoop.m_7245_(BlockableEventLoop.java:130)
[21:59:28] [ERROR] !   at net.minecraft.util.thread.BlockableEventLoop.m_18699_(BlockableEventLoop.java:115)
[21:59:28] [ERROR] !   at net.minecraft.client.Minecraft.m_91383_(Minecraft.java:1106)
[21:59:28] [ERROR] !   at net.minecraft.client.Minecraft.m_91374_(Minecraft.java:718)
[21:59:28] [ERROR] !   at net.minecraft.client.main.Main.main(Main.java:218)
[21:59:28] [ERROR] !   at java.lang.reflect.Method.invoke(Unknown Source)
[21:59:28] [ERROR] !   at MC-BOOTSTRAP/fmlloader@1.20.1-47.4.6/net.minecraftforge.fml.loading.targets.CommonLaunchHandler.runTarget(CommonLaunchHandler.java:111)
[21:59:28] [ERROR] !   at MC-BOOTSTRAP/fmlloader@1.20.1-47.4.6/net.minecraftforge.fml.loading.targets.CommonLaunchHandler.clientService(CommonLaunchHandler.java:99)
[21:59:28] [ERROR] !   at MC-BOOTSTRAP/fmlloader@1.20.1-47.4.6/net.minecraftforge.fml.loading.targets.CommonClientLaunchHandler.lambda$makeService$0(CommonClientLaunchHandler.java:25)
[21:59:28] [ERROR] !   at MC-BOOTSTRAP/cpw.mods.modlauncher@10.0.9/cpw.mods.modlauncher.LaunchServiceHandlerDecorator.launch(LaunchServiceHandlerDecorator.java:30)
[21:59:28] [ERROR] !   at MC-BOOTSTRAP/cpw.mods.modlauncher@10.0.9/cpw.mods.modlauncher.LaunchServiceHandler.launch(LaunchServiceHandler.java:53)
[21:59:28] [ERROR] !   at MC-BOOTSTRAP/cpw.mods.modlauncher@10.0.9/cpw.mods.modlauncher.LaunchServiceHandler.launch(LaunchServiceHandler.java:71)
[21:59:28] [ERROR] !   at MC-BOOTSTRAP/cpw.mods.modlauncher@10.0.9/cpw.mods.modlauncher.Launcher.run(Launcher.java:108)
[21:59:28] [ERROR] !   at MC-BOOTSTRAP/cpw.mods.modlauncher@10.0.9/cpw.mods.modlauncher.Launcher.main(Launcher.java:78)
[21:59:28] [ERROR] !   at MC-BOOTSTRAP/cpw.mods.modlauncher@10.0.9/cpw.mods.modlauncher.BootstrapLaunchConsumer.accept(BootstrapLaunchConsumer.java:26)
[21:59:28] [ERROR] !   at MC-BOOTSTRAP/cpw.mods.modlauncher@10.0.9/cpw.mods.modlauncher.BootstrapLaunchConsumer.accept(BootstrapLaunchConsumer.java:23)
[21:59:28] [ERROR] !   at cpw.mods.bootstraplauncher@1.1.2/cpw.mods.bootstraplauncher.BootstrapLauncher.main(BootstrapLauncher.java:141)
[22:08:45] [ERROR] ! Error in 'JEIEvents.hideItems': Non [a-z0-9/._-] character in path of location: create:xycraft_world:raw_aluminum
[22:08:45] [ERROR] ! net.minecraft.ResourceLocationException: Non [a-z0-9/._-] character in path of location: create:xycraft_world:raw_aluminum
[22:08:45] [ERROR] !   at net.minecraft.resources.ResourceLocation.m_245185_(ResourceLocation.java:242)
[22:08:45] [ERROR] !   at net.minecraft.resources.ResourceLocation.<init>(ResourceLocation.java:40)
[22:08:45] [ERROR] !   at net.minecraft.resources.ResourceLocation.<init>(ResourceLocation.java:44)
[22:08:45] [ERROR] !   at net.minecraft.resources.ResourceLocation.<init>(ResourceLocation.java:50)
[22:08:45] [ERROR] !   at …kubejs.item.ingredient.IngredientJS.parse(IngredientJS.java:145)
[22:08:45] [ERROR] !   at …kubejs.item.ingredient.IngredientJS.of(IngredientJS.java:55)
[22:08:45] [ERROR] !   at …kubejs.integration.forge.jei.HideJEIEventJS.hide(HideJEIEventJS.java:35)
[22:08:45] [ERROR] !   at java.lang.reflect.Method.invoke(Unknown Source)
[22:08:45] [ERROR] !   at …rhino.MemberBox.invoke(MemberBox.java:160)
[22:08:45] [ERROR] !   at …rhino.NativeJavaMethod.call(NativeJavaMethod.java:463)
[22:08:45] [ERROR] !   at …rhino.Interpreter.interpretLoop(Interpreter.java:986)
[22:08:45] [ERROR] !   at …rhino.Interpreter.interpret(Interpreter.java:370)
[22:08:45] [ERROR] !   at …rhino.InterpretedFunction.call(InterpretedFunction.java:72)
[22:08:45] [ERROR] !   at …rhino.Context.callSync(Context.java:1357)
[22:08:45] [ERROR] !   at …rhino.ArrowFunction.call(ArrowFunction.java:42)
[22:08:45] [ERROR] !   at …rhino.NativeArray.iterativeMethod(NativeArray.java:1314)
[22:08:45] [ERROR] !   at …rhino.NativeArray.execIdCall(NativeArray.java:1798)
[22:08:45] [ERROR] !   at …rhino.IdFunctionObject.call(IdFunctionObject.java:103)
[22:08:45] [ERROR] !   at …rhino.Interpreter.interpretLoop(Interpreter.java:986)
[22:08:45] [ERROR] !   at …rhino.Interpreter.interpret(Interpreter.java:370)
[22:08:45] [ERROR] !   at …rhino.InterpretedFunction.call(InterpretedFunction.java:72)
[22:08:45] [ERROR] !   at …rhino.Context.callSync(Context.java:1357)
[22:08:45] [ERROR] !   at …rhino.ArrowFunction.call(ArrowFunction.java:42)
[22:08:45] [ERROR] !   at …rhino.NativeArray.iterativeMethod(NativeArray.java:1314)
[22:08:45] [ERROR] !   at …rhino.NativeArray.execIdCall(NativeArray.java:1798)
[22:08:45] [ERROR] !   at …rhino.IdFunctionObject.call(IdFunctionObject.java:103)
[22:08:45] [ERROR] !   at …rhino.Interpreter.interpretLoop(Interpreter.java:986)
[22:08:45] [ERROR] !   at …rhino.Interpreter.interpret(Interpreter.java:370)
[22:08:45] [ERROR] !   at …rhino.InterpretedFunction.call(InterpretedFunction.java:72)
[22:08:45] [ERROR] !   at …rhino.Context.callSync(Context.java:1357)
[22:08:45] [ERROR] !   at …rhino.Context.doTopCall(Context.java:1374)
[22:08:45] [ERROR] !   at …rhino.InterpretedFunction.call(InterpretedFunction.java:70)
[22:08:45] [ERROR] !   at …rhino.Context.callSync(Context.java:1357)
[22:08:45] [ERROR] !   at …rhino.ArrowFunction.call(ArrowFunction.java:42)
[22:08:45] [ERROR] !   at …rhino.Context.callSync(Context.java:1357)
[22:08:45] [ERROR] !   at …rhino.InterfaceAdapter.invoke(InterfaceAdapter.java:125)
[22:08:45] [ERROR] !   at …rhino.VMBridge.lambda$newInterfaceProxy$0(VMBridge.java:74)
[22:08:45] [ERROR] !   at TRANSFORMER/jdk.proxy3/jdk.proxy3.$Proxy95.onEvent(Unknown Source)
[22:08:45] [ERROR] !   at …kubejs.event.EventHandlerContainer.handle(EventHandlerContainer.java:39)
[22:08:45] [ERROR] !   at …kubejs.event.EventHandler.postToHandlers(EventHandler.java:304)
[22:08:45] [ERROR] !   at …kubejs.event.EventHandler.post(EventHandler.java:272)
[22:08:45] [ERROR] !   at …kubejs.event.EventHandler.post(EventHandler.java:226)
[22:08:45] [ERROR] !   at …kubejs.event.EventHandler.post(EventHandler.java:189)
[22:08:45] [ERROR] !   at …kubejs.integration.forge.jei.JEIPlugin.onRuntimeAvailable(JEIPlugin.java:40)
[22:08:45] [ERROR] !   at mezz.jei.library.startup.JeiStarter.lambda$start$3(JeiStarter.java:158)
[22:08:45] [ERROR] !   at mezz.jei.library.load.PluginCaller.callOnPlugins(PluginCaller.java:25)
[22:08:45] [ERROR] !   at mezz.jei.library.startup.JeiStarter.start(JeiStarter.java:158)
[22:08:45] [ERROR] !   at mezz.jei.forge.startup.StartEventObserver.transitionState(StartEventObserver.java:130)
[22:08:45] [ERROR] !   at mezz.jei.forge.startup.StartEventObserver.restart(StartEventObserver.java:109)
[22:08:45] [ERROR] !   at mezz.jei.forge.startup.StartEventObserver.onEvent(StartEventObserver.java:96)
[22:08:45] [ERROR] !   at MC-BOOTSTRAP/net.minecraftforge.eventbus/net.minecraftforge.eventbus.EventBus.doCastFilter(EventBus.java:260)
[22:08:45] [ERROR] !   at MC-BOOTSTRAP/net.minecraftforge.eventbus/net.minecraftforge.eventbus.EventBus.lambda$addListener$11(EventBus.java:252)
[22:08:45] [ERROR] !   at MC-BOOTSTRAP/net.minecraftforge.eventbus/net.minecraftforge.eventbus.EventBus.post(EventBus.java:315)
[22:08:45] [ERROR] !   at MC-BOOTSTRAP/net.minecraftforge.eventbus/net.minecraftforge.eventbus.EventBus.post(EventBus.java:296)
[22:08:45] [ERROR] !   at net.minecraftforge.client.ForgeHooksClient.onRecipesUpdated(ForgeHooksClient.java:718)
[22:08:45] [ERROR] !   at net.minecraft.client.multiplayer.ClientPacketListener.m_6327_(ClientPacketListener.java:1354)
[22:08:45] [ERROR] !   at net.minecraft.network.protocol.game.ClientboundUpdateRecipesPacket.m_5797_(ClientboundUpdateRecipesPacket.java:32)
[22:08:45] [ERROR] !   at net.minecraft.network.protocol.game.ClientboundUpdateRecipesPacket.m_5797_(ClientboundUpdateRecipesPacket.java:14)
[22:08:45] [ERROR] !   at net.minecraft.network.protocol.PacketUtils.m_263899_(PacketUtils.java:22)
[22:08:45] [ERROR] !   at net.minecraft.util.thread.BlockableEventLoop.m_6367_(BlockableEventLoop.java:156)
[22:08:45] [ERROR] !   at net.minecraft.util.thread.ReentrantBlockableEventLoop.m_6367_(ReentrantBlockableEventLoop.java:23)
[22:08:45] [ERROR] !   at net.minecraft.util.thread.BlockableEventLoop.m_7245_(BlockableEventLoop.java:130)
[22:08:45] [ERROR] !   at net.minecraft.util.thread.BlockableEventLoop.m_18699_(BlockableEventLoop.java:115)
[22:08:45] [ERROR] !   at net.minecraft.client.Minecraft.m_91383_(Minecraft.java:1106)
[22:08:45] [ERROR] !   at net.minecraft.client.Minecraft.m_91374_(Minecraft.java:718)
[22:08:45] [ERROR] !   at net.minecraft.client.main.Main.main(Main.java:218)
[22:08:45] [ERROR] !   at java.lang.reflect.Method.invoke(Unknown Source)
[22:08:45] [ERROR] !   at MC-BOOTSTRAP/fmlloader@1.20.1-47.4.6/net.minecraftforge.fml.loading.targets.CommonLaunchHandler.runTarget(CommonLaunchHandler.java:111)
[22:08:45] [ERROR] !   at MC-BOOTSTRAP/fmlloader@1.20.1-47.4.6/net.minecraftforge.fml.loading.targets.CommonLaunchHandler.clientService(CommonLaunchHandler.java:99)
[22:08:45] [ERROR] !   at MC-BOOTSTRAP/fmlloader@1.20.1-47.4.6/net.minecraftforge.fml.loading.targets.CommonClientLaunchHandler.lambda$makeService$0(CommonClientLaunchHandler.java:25)
[22:08:45] [ERROR] !   at MC-BOOTSTRAP/cpw.mods.modlauncher@10.0.9/cpw.mods.modlauncher.LaunchServiceHandlerDecorator.launch(LaunchServiceHandlerDecorator.java:30)
[22:08:45] [ERROR] !   at MC-BOOTSTRAP/cpw.mods.modlauncher@10.0.9/cpw.mods.modlauncher.LaunchServiceHandler.launch(LaunchServiceHandler.java:53)
[22:08:45] [ERROR] !   at MC-BOOTSTRAP/cpw.mods.modlauncher@10.0.9/cpw.mods.modlauncher.LaunchServiceHandler.launch(LaunchServiceHandler.java:71)
[22:08:45] [ERROR] !   at MC-BOOTSTRAP/cpw.mods.modlauncher@10.0.9/cpw.mods.modlauncher.Launcher.run(Launcher.java:108)
[22:08:45] [ERROR] !   at MC-BOOTSTRAP/cpw.mods.modlauncher@10.0.9/cpw.mods.modlauncher.Launcher.main(Launcher.java:78)
[22:08:45] [ERROR] !   at MC-BOOTSTRAP/cpw.mods.modlauncher@10.0.9/cpw.mods.modlauncher.BootstrapLaunchConsumer.accept(BootstrapLaunchConsumer.java:26)
[22:08:45] [ERROR] !   at MC-BOOTSTRAP/cpw.mods.modlauncher@10.0.9/cpw.mods.modlauncher.BootstrapLaunchConsumer.accept(BootstrapLaunchConsumer.java:23)
[22:08:45] [ERROR] !   at cpw.mods.bootstraplauncher@1.1.2/cpw.mods.bootstraplauncher.BootstrapLauncher.main(BootstrapLauncher.java:141)
[22:10:16] [ERROR] ! Error in 'JEIEvents.hideItems': Non [a-z0-9/._-] character in path of location: create:xycraft_world:raw_aluminum
[22:10:16] [ERROR] ! net.minecraft.ResourceLocationException: Non [a-z0-9/._-] character in path of location: create:xycraft_world:raw_aluminum
[22:10:16] [ERROR] !   at net.minecraft.resources.ResourceLocation.m_245185_(ResourceLocation.java:242)
[22:10:16] [ERROR] !   at net.minecraft.resources.ResourceLocation.<init>(ResourceLocation.java:40)
[22:10:16] [ERROR] !   at net.minecraft.resources.ResourceLocation.<init>(ResourceLocation.java:44)
[22:10:16] [ERROR] !   at net.minecraft.resources.ResourceLocation.<init>(ResourceLocation.java:50)
[22:10:16] [ERROR] !   at …kubejs.item.ingredient.IngredientJS.parse(IngredientJS.java:145)
[22:10:16] [ERROR] !   at …kubejs.item.ingredient.IngredientJS.of(IngredientJS.java:55)
[22:10:16] [ERROR] !   at …kubejs.integration.forge.jei.HideJEIEventJS.hide(HideJEIEventJS.java:35)
[22:10:16] [ERROR] !   at java.lang.reflect.Method.invoke(Unknown Source)
[22:10:16] [ERROR] !   at …rhino.MemberBox.invoke(MemberBox.java:160)
[22:10:16] [ERROR] !   at …rhino.NativeJavaMethod.call(NativeJavaMethod.java:463)
[22:10:16] [ERROR] !   at …rhino.Interpreter.interpretLoop(Interpreter.java:986)
[22:10:16] [ERROR] !   at …rhino.Interpreter.interpret(Interpreter.java:370)
[22:10:16] [ERROR] !   at …rhino.InterpretedFunction.call(InterpretedFunction.java:72)
[22:10:16] [ERROR] !   at …rhino.Context.callSync(Context.java:1357)
[22:10:16] [ERROR] !   at …rhino.ArrowFunction.call(ArrowFunction.java:42)
[22:10:16] [ERROR] !   at …rhino.NativeArray.iterativeMethod(NativeArray.java:1314)
[22:10:16] [ERROR] !   at …rhino.NativeArray.execIdCall(NativeArray.java:1798)
[22:10:16] [ERROR] !   at …rhino.IdFunctionObject.call(IdFunctionObject.java:103)
[22:10:16] [ERROR] !   at …rhino.Interpreter.interpretLoop(Interpreter.java:986)
[22:10:16] [ERROR] !   at …rhino.Interpreter.interpret(Interpreter.java:370)
[22:10:16] [ERROR] !   at …rhino.InterpretedFunction.call(InterpretedFunction.java:72)
[22:10:16] [ERROR] !   at …rhino.Context.callSync(Context.java:1357)
[22:10:16] [ERROR] !   at …rhino.ArrowFunction.call(ArrowFunction.java:42)
[22:10:16] [ERROR] !   at …rhino.NativeArray.iterativeMethod(NativeArray.java:1314)
[22:10:16] [ERROR] !   at …rhino.NativeArray.execIdCall(NativeArray.java:1798)
[22:10:16] [ERROR] !   at …rhino.IdFunctionObject.call(IdFunctionObject.java:103)
[22:10:16] [ERROR] !   at …rhino.Interpreter.interpretLoop(Interpreter.java:986)
[22:10:16] [ERROR] !   at …rhino.Interpreter.interpret(Interpreter.java:370)
[22:10:16] [ERROR] !   at …rhino.InterpretedFunction.call(InterpretedFunction.java:72)
[22:10:16] [ERROR] !   at …rhino.Context.callSync(Context.java:1357)
[22:10:16] [ERROR] !   at …rhino.Context.doTopCall(Context.java:1374)
[22:10:16] [ERROR] !   at …rhino.InterpretedFunction.call(InterpretedFunction.java:70)
[22:10:16] [ERROR] !   at …rhino.Context.callSync(Context.java:1357)
[22:10:16] [ERROR] !   at …rhino.ArrowFunction.call(ArrowFunction.java:42)
[22:10:16] [ERROR] !   at …rhino.Context.callSync(Context.java:1357)
[22:10:16] [ERROR] !   at …rhino.InterfaceAdapter.invoke(InterfaceAdapter.java:125)
[22:10:16] [ERROR] !   at …rhino.VMBridge.lambda$newInterfaceProxy$0(VMBridge.java:74)
[22:10:16] [ERROR] !   at TRANSFORMER/jdk.proxy3/jdk.proxy3.$Proxy95.onEvent(Unknown Source)
[22:10:16] [ERROR] !   at …kubejs.event.EventHandlerContainer.handle(EventHandlerContainer.java:39)
[22:10:16] [ERROR] !   at …kubejs.event.EventHandler.postToHandlers(EventHandler.java:304)
[22:10:16] [ERROR] !   at …kubejs.event.EventHandler.post(EventHandler.java:272)
[22:10:16] [ERROR] !   at …kubejs.event.EventHandler.post(EventHandler.java:226)
[22:10:16] [ERROR] !   at …kubejs.event.EventHandler.post(EventHandler.java:189)
[22:10:16] [ERROR] !   at …kubejs.integration.forge.jei.JEIPlugin.onRuntimeAvailable(JEIPlugin.java:40)
[22:10:16] [ERROR] !   at mezz.jei.library.startup.JeiStarter.lambda$start$3(JeiStarter.java:158)
[22:10:16] [ERROR] !   at mezz.jei.library.load.PluginCaller.callOnPlugins(PluginCaller.java:25)
[22:10:16] [ERROR] !   at mezz.jei.library.startup.JeiStarter.start(JeiStarter.java:158)
[22:10:16] [ERROR] !   at mezz.jei.forge.startup.StartEventObserver.transitionState(StartEventObserver.java:130)
[22:10:16] [ERROR] !   at mezz.jei.forge.startup.StartEventObserver.restart(StartEventObserver.java:109)
[22:10:16] [ERROR] !   at mezz.jei.forge.startup.StartEventObserver.onEvent(StartEventObserver.java:96)
[22:10:16] [ERROR] !   at MC-BOOTSTRAP/net.minecraftforge.eventbus/net.minecraftforge.eventbus.EventBus.doCastFilter(EventBus.java:260)
[22:10:16] [ERROR] !   at MC-BOOTSTRAP/net.minecraftforge.eventbus/net.minecraftforge.eventbus.EventBus.lambda$addListener$11(EventBus.java:252)
[22:10:16] [ERROR] !   at MC-BOOTSTRAP/net.minecraftforge.eventbus/net.minecraftforge.eventbus.EventBus.post(EventBus.java:315)
[22:10:16] [ERROR] !   at MC-BOOTSTRAP/net.minecraftforge.eventbus/net.minecraftforge.eventbus.EventBus.post(EventBus.java:296)
[22:10:16] [ERROR] !   at net.minecraftforge.client.ForgeHooksClient.onRecipesUpdated(ForgeHooksClient.java:718)
[22:10:16] [ERROR] !   at net.minecraft.client.multiplayer.ClientPacketListener.m_6327_(ClientPacketListener.java:1354)
[22:10:16] [ERROR] !   at net.minecraft.network.protocol.game.ClientboundUpdateRecipesPacket.m_5797_(ClientboundUpdateRecipesPacket.java:32)
[22:10:16] [ERROR] !   at net.minecraft.network.protocol.game.ClientboundUpdateRecipesPacket.m_5797_(ClientboundUpdateRecipesPacket.java:14)
[22:10:16] [ERROR] !   at net.minecraft.network.protocol.PacketUtils.m_263899_(PacketUtils.java:22)
[22:10:16] [ERROR] !   at net.minecraft.util.thread.BlockableEventLoop.m_6367_(BlockableEventLoop.java:156)
[22:10:16] [ERROR] !   at net.minecraft.util.thread.ReentrantBlockableEventLoop.m_6367_(ReentrantBlockableEventLoop.java:23)
[22:10:16] [ERROR] !   at net.minecraft.util.thread.BlockableEventLoop.m_7245_(BlockableEventLoop.java:130)
[22:10:16] [ERROR] !   at net.minecraft.util.thread.BlockableEventLoop.m_18699_(BlockableEventLoop.java:115)
[22:10:16] [ERROR] !   at net.minecraft.client.Minecraft.m_91383_(Minecraft.java:1106)
[22:10:16] [ERROR] !   at net.minecraft.client.Minecraft.m_91374_(Minecraft.java:718)
[22:10:16] [ERROR] !   at net.minecraft.client.main.Main.main(Main.java:218)
[22:10:16] [ERROR] !   at java.lang.reflect.Method.invoke(Unknown Source)
[22:10:16] [ERROR] !   at MC-BOOTSTRAP/fmlloader@1.20.1-47.4.6/net.minecraftforge.fml.loading.targets.CommonLaunchHandler.runTarget(CommonLaunchHandler.java:111)
[22:10:16] [ERROR] !   at MC-BOOTSTRAP/fmlloader@1.20.1-47.4.6/net.minecraftforge.fml.loading.targets.CommonLaunchHandler.clientService(CommonLaunchHandler.java:99)
[22:10:16] [ERROR] !   at MC-BOOTSTRAP/fmlloader@1.20.1-47.4.6/net.minecraftforge.fml.loading.targets.CommonClientLaunchHandler.lambda$makeService$0(CommonClientLaunchHandler.java:25)
[22:10:16] [ERROR] !   at MC-BOOTSTRAP/cpw.mods.modlauncher@10.0.9/cpw.mods.modlauncher.LaunchServiceHandlerDecorator.launch(LaunchServiceHandlerDecorator.java:30)
[22:10:16] [ERROR] !   at MC-BOOTSTRAP/cpw.mods.modlauncher@10.0.9/cpw.mods.modlauncher.LaunchServiceHandler.launch(LaunchServiceHandler.java:53)
[22:10:16] [ERROR] !   at MC-BOOTSTRAP/cpw.mods.modlauncher@10.0.9/cpw.mods.modlauncher.LaunchServiceHandler.launch(LaunchServiceHandler.java:71)
[22:10:16] [ERROR] !   at MC-BOOTSTRAP/cpw.mods.modlauncher@10.0.9/cpw.mods.modlauncher.Launcher.run(Launcher.java:108)
[22:10:16] [ERROR] !   at MC-BOOTSTRAP/cpw.mods.modlauncher@10.0.9/cpw.mods.modlauncher.Launcher.main(Launcher.java:78)
[22:10:16] [ERROR] !   at MC-BOOTSTRAP/cpw.mods.modlauncher@10.0.9/cpw.mods.modlauncher.BootstrapLaunchConsumer.accept(BootstrapLaunchConsumer.java:26)
[22:10:16] [ERROR] !   at MC-BOOTSTRAP/cpw.mods.modlauncher@10.0.9/cpw.mods.modlauncher.BootstrapLaunchConsumer.accept(BootstrapLaunchConsumer.java:23)
[22:10:16] [ERROR] !   at cpw.mods.bootstraplauncher@1.1.2/cpw.mods.bootstraplauncher.BootstrapLauncher.main(BootstrapLauncher.java:141)
[22:11:40] [ERROR] ! Error in 'JEIEvents.hideItems': Non [a-z0-9/._-] character in path of location: create:xycraft_world:raw_aluminum
[22:11:40] [ERROR] ! net.minecraft.ResourceLocationException: Non [a-z0-9/._-] character in path of location: create:xycraft_world:raw_aluminum
[22:11:40] [ERROR] !   at net.minecraft.resources.ResourceLocation.m_245185_(ResourceLocation.java:242)
[22:11:40] [ERROR] !   at net.minecraft.resources.ResourceLocation.<init>(ResourceLocation.java:40)
[22:11:40] [ERROR] !   at net.minecraft.resources.ResourceLocation.<init>(ResourceLocation.java:44)
[22:11:40] [ERROR] !   at net.minecraft.resources.ResourceLocation.<init>(ResourceLocation.java:50)
[22:11:40] [ERROR] !   at …kubejs.item.ingredient.IngredientJS.parse(IngredientJS.java:145)
[22:11:40] [ERROR] !   at …kubejs.item.ingredient.IngredientJS.of(IngredientJS.java:55)
[22:11:40] [ERROR] !   at …kubejs.integration.forge.jei.HideJEIEventJS.hide(HideJEIEventJS.java:35)
[22:11:40] [ERROR] !   at java.lang.reflect.Method.invoke(Unknown Source)
[22:11:40] [ERROR] !   at …rhino.MemberBox.invoke(MemberBox.java:160)
[22:11:40] [ERROR] !   at …rhino.NativeJavaMethod.call(NativeJavaMethod.java:463)
[22:11:40] [ERROR] !   at …rhino.Interpreter.interpretLoop(Interpreter.java:986)
[22:11:40] [ERROR] !   at …rhino.Interpreter.interpret(Interpreter.java:370)
[22:11:40] [ERROR] !   at …rhino.InterpretedFunction.call(InterpretedFunction.java:72)
[22:11:40] [ERROR] !   at …rhino.Context.callSync(Context.java:1357)
[22:11:40] [ERROR] !   at …rhino.ArrowFunction.call(ArrowFunction.java:42)
[22:11:40] [ERROR] !   at …rhino.NativeArray.iterativeMethod(NativeArray.java:1314)
[22:11:40] [ERROR] !   at …rhino.NativeArray.execIdCall(NativeArray.java:1798)
[22:11:40] [ERROR] !   at …rhino.IdFunctionObject.call(IdFunctionObject.java:103)
[22:11:40] [ERROR] !   at …rhino.Interpreter.interpretLoop(Interpreter.java:986)
[22:11:40] [ERROR] !   at …rhino.Interpreter.interpret(Interpreter.java:370)
[22:11:40] [ERROR] !   at …rhino.InterpretedFunction.call(InterpretedFunction.java:72)
[22:11:40] [ERROR] !   at …rhino.Context.callSync(Context.java:1357)
[22:11:40] [ERROR] !   at …rhino.ArrowFunction.call(ArrowFunction.java:42)
[22:11:40] [ERROR] !   at …rhino.NativeArray.iterativeMethod(NativeArray.java:1314)
[22:11:40] [ERROR] !   at …rhino.NativeArray.execIdCall(NativeArray.java:1798)
[22:11:40] [ERROR] !   at …rhino.IdFunctionObject.call(IdFunctionObject.java:103)
[22:11:40] [ERROR] !   at …rhino.Interpreter.interpretLoop(Interpreter.java:986)
[22:11:40] [ERROR] !   at …rhino.Interpreter.interpret(Interpreter.java:370)
[22:11:40] [ERROR] !   at …rhino.InterpretedFunction.call(InterpretedFunction.java:72)
[22:11:40] [ERROR] !   at …rhino.Context.callSync(Context.java:1357)
[22:11:40] [ERROR] !   at …rhino.Context.doTopCall(Context.java:1374)
[22:11:40] [ERROR] !   at …rhino.InterpretedFunction.call(InterpretedFunction.java:70)
[22:11:40] [ERROR] !   at …rhino.Context.callSync(Context.java:1357)
[22:11:40] [ERROR] !   at …rhino.ArrowFunction.call(ArrowFunction.java:42)
[22:11:40] [ERROR] !   at …rhino.Context.callSync(Context.java:1357)
[22:11:40] [ERROR] !   at …rhino.InterfaceAdapter.invoke(InterfaceAdapter.java:125)
[22:11:40] [ERROR] !   at …rhino.VMBridge.lambda$newInterfaceProxy$0(VMBridge.java:74)
[22:11:40] [ERROR] !   at TRANSFORMER/jdk.proxy3/jdk.proxy3.$Proxy95.onEvent(Unknown Source)
[22:11:40] [ERROR] !   at …kubejs.event.EventHandlerContainer.handle(EventHandlerContainer.java:39)
[22:11:40] [ERROR] !   at …kubejs.event.EventHandler.postToHandlers(EventHandler.java:304)
[22:11:40] [ERROR] !   at …kubejs.event.EventHandler.post(EventHandler.java:272)
[22:11:40] [ERROR] !   at …kubejs.event.EventHandler.post(EventHandler.java:226)
[22:11:40] [ERROR] !   at …kubejs.event.EventHandler.post(EventHandler.java:189)
[22:11:40] [ERROR] !   at …kubejs.integration.forge.jei.JEIPlugin.onRuntimeAvailable(JEIPlugin.java:40)
[22:11:40] [ERROR] !   at mezz.jei.library.startup.JeiStarter.lambda$start$3(JeiStarter.java:158)
[22:11:40] [ERROR] !   at mezz.jei.library.load.PluginCaller.callOnPlugins(PluginCaller.java:25)
[22:11:40] [ERROR] !   at mezz.jei.library.startup.JeiStarter.start(JeiStarter.java:158)
[22:11:40] [ERROR] !   at mezz.jei.forge.startup.StartEventObserver.transitionState(StartEventObserver.java:130)
[22:11:40] [ERROR] !   at mezz.jei.forge.startup.StartEventObserver.restart(StartEventObserver.java:109)
[22:11:40] [ERROR] !   at mezz.jei.forge.startup.StartEventObserver.onEvent(StartEventObserver.java:96)
[22:11:40] [ERROR] !   at MC-BOOTSTRAP/net.minecraftforge.eventbus/net.minecraftforge.eventbus.EventBus.doCastFilter(EventBus.java:260)
[22:11:40] [ERROR] !   at MC-BOOTSTRAP/net.minecraftforge.eventbus/net.minecraftforge.eventbus.EventBus.lambda$addListener$11(EventBus.java:252)
[22:11:40] [ERROR] !   at MC-BOOTSTRAP/net.minecraftforge.eventbus/net.minecraftforge.eventbus.EventBus.post(EventBus.java:315)
[22:11:40] [ERROR] !   at MC-BOOTSTRAP/net.minecraftforge.eventbus/net.minecraftforge.eventbus.EventBus.post(EventBus.java:296)
[22:11:40] [ERROR] !   at net.minecraftforge.client.ForgeHooksClient.onRecipesUpdated(ForgeHooksClient.java:718)
[22:11:40] [ERROR] !   at net.minecraft.client.multiplayer.ClientPacketListener.m_6327_(ClientPacketListener.java:1354)
[22:11:40] [ERROR] !   at net.minecraft.network.protocol.game.ClientboundUpdateRecipesPacket.m_5797_(ClientboundUpdateRecipesPacket.java:32)
[22:11:40] [ERROR] !   at net.minecraft.network.protocol.game.ClientboundUpdateRecipesPacket.m_5797_(ClientboundUpdateRecipesPacket.java:14)
[22:11:40] [ERROR] !   at net.minecraft.network.protocol.PacketUtils.m_263899_(PacketUtils.java:22)
[22:11:40] [ERROR] !   at net.minecraft.util.thread.BlockableEventLoop.m_6367_(BlockableEventLoop.java:156)
[22:11:40] [ERROR] !   at net.minecraft.util.thread.ReentrantBlockableEventLoop.m_6367_(ReentrantBlockableEventLoop.java:23)
[22:11:40] [ERROR] !   at net.minecraft.util.thread.BlockableEventLoop.m_7245_(BlockableEventLoop.java:130)
[22:11:40] [ERROR] !   at net.minecraft.util.thread.BlockableEventLoop.m_18699_(BlockableEventLoop.java:115)
[22:11:40] [ERROR] !   at net.minecraft.client.Minecraft.m_91383_(Minecraft.java:1106)
[22:11:40] [ERROR] !   at net.minecraft.client.Minecraft.m_91374_(Minecraft.java:718)
[22:11:40] [ERROR] !   at net.minecraft.client.main.Main.main(Main.java:218)
[22:11:40] [ERROR] !   at java.lang.reflect.Method.invoke(Unknown Source)
[22:11:40] [ERROR] !   at MC-BOOTSTRAP/fmlloader@1.20.1-47.4.6/net.minecraftforge.fml.loading.targets.CommonLaunchHandler.runTarget(CommonLaunchHandler.java:111)
[22:11:40] [ERROR] !   at MC-BOOTSTRAP/fmlloader@1.20.1-47.4.6/net.minecraftforge.fml.loading.targets.CommonLaunchHandler.clientService(CommonLaunchHandler.java:99)
[22:11:40] [ERROR] !   at MC-BOOTSTRAP/fmlloader@1.20.1-47.4.6/net.minecraftforge.fml.loading.targets.CommonClientLaunchHandler.lambda$makeService$0(CommonClientLaunchHandler.java:25)
[22:11:40] [ERROR] !   at MC-BOOTSTRAP/cpw.mods.modlauncher@10.0.9/cpw.mods.modlauncher.LaunchServiceHandlerDecorator.launch(LaunchServiceHandlerDecorator.java:30)
[22:11:40] [ERROR] !   at MC-BOOTSTRAP/cpw.mods.modlauncher@10.0.9/cpw.mods.modlauncher.LaunchServiceHandler.launch(LaunchServiceHandler.java:53)
[22:11:40] [ERROR] !   at MC-BOOTSTRAP/cpw.mods.modlauncher@10.0.9/cpw.mods.modlauncher.LaunchServiceHandler.launch(LaunchServiceHandler.java:71)
[22:11:40] [ERROR] !   at MC-BOOTSTRAP/cpw.mods.modlauncher@10.0.9/cpw.mods.modlauncher.Launcher.run(Launcher.java:108)
[22:11:40] [ERROR] !   at MC-BOOTSTRAP/cpw.mods.modlauncher@10.0.9/cpw.mods.modlauncher.Launcher.main(Launcher.java:78)
[22:11:40] [ERROR] !   at MC-BOOTSTRAP/cpw.mods.modlauncher@10.0.9/cpw.mods.modlauncher.BootstrapLaunchConsumer.accept(BootstrapLaunchConsumer.java:26)
[22:11:40] [ERROR] !   at MC-BOOTSTRAP/cpw.mods.modlauncher@10.0.9/cpw.mods.modlauncher.BootstrapLaunchConsumer.accept(BootstrapLaunchConsumer.java:23)
[22:11:40] [ERROR] !   at cpw.mods.bootstraplauncher@1.1.2/cpw.mods.bootstraplauncher.BootstrapLauncher.main(BootstrapLauncher.java:141)
[22:13:16] [ERROR] ! Error in 'JEIEvents.hideItems': Non [a-z0-9/._-] character in path of location: create:xycraft_world:raw_aluminum
[22:13:16] [ERROR] ! net.minecraft.ResourceLocationException: Non [a-z0-9/._-] character in path of location: create:xycraft_world:raw_aluminum
[22:13:16] [ERROR] !   at net.minecraft.resources.ResourceLocation.m_245185_(ResourceLocation.java:242)
[22:13:16] [ERROR] !   at net.minecraft.resources.ResourceLocation.<init>(ResourceLocation.java:40)
[22:13:16] [ERROR] !   at net.minecraft.resources.ResourceLocation.<init>(ResourceLocation.java:44)
[22:13:16] [ERROR] !   at net.minecraft.resources.ResourceLocation.<init>(ResourceLocation.java:50)
[22:13:16] [ERROR] !   at …kubejs.item.ingredient.IngredientJS.parse(IngredientJS.java:145)
[22:13:16] [ERROR] !   at …kubejs.item.ingredient.IngredientJS.of(IngredientJS.java:55)
[22:13:16] [ERROR] !   at …kubejs.integration.forge.jei.HideJEIEventJS.hide(HideJEIEventJS.java:35)
[22:13:16] [ERROR] !   at java.lang.reflect.Method.invoke(Unknown Source)
[22:13:16] [ERROR] !   at …rhino.MemberBox.invoke(MemberBox.java:160)
[22:13:16] [ERROR] !   at …rhino.NativeJavaMethod.call(NativeJavaMethod.java:463)
[22:13:16] [ERROR] !   at …rhino.Interpreter.interpretLoop(Interpreter.java:986)
[22:13:16] [ERROR] !   at …rhino.Interpreter.interpret(Interpreter.java:370)
[22:13:16] [ERROR] !   at …rhino.InterpretedFunction.call(InterpretedFunction.java:72)
[22:13:16] [ERROR] !   at …rhino.Context.callSync(Context.java:1357)
[22:13:16] [ERROR] !   at …rhino.ArrowFunction.call(ArrowFunction.java:42)
[22:13:16] [ERROR] !   at …rhino.NativeArray.iterativeMethod(NativeArray.java:1314)
[22:13:16] [ERROR] !   at …rhino.NativeArray.execIdCall(NativeArray.java:1798)
[22:13:16] [ERROR] !   at …rhino.IdFunctionObject.call(IdFunctionObject.java:103)
[22:13:16] [ERROR] !   at …rhino.Interpreter.interpretLoop(Interpreter.java:986)
[22:13:16] [ERROR] !   at …rhino.Interpreter.interpret(Interpreter.java:370)
[22:13:16] [ERROR] !   at …rhino.InterpretedFunction.call(InterpretedFunction.java:72)
[22:13:16] [ERROR] !   at …rhino.Context.callSync(Context.java:1357)
[22:13:16] [ERROR] !   at …rhino.ArrowFunction.call(ArrowFunction.java:42)
[22:13:16] [ERROR] !   at …rhino.NativeArray.iterativeMethod(NativeArray.java:1314)
[22:13:16] [ERROR] !   at …rhino.NativeArray.execIdCall(NativeArray.java:1798)
[22:13:16] [ERROR] !   at …rhino.IdFunctionObject.call(IdFunctionObject.java:103)
[22:13:16] [ERROR] !   at …rhino.Interpreter.interpretLoop(Interpreter.java:986)
[22:13:16] [ERROR] !   at …rhino.Interpreter.interpret(Interpreter.java:370)
[22:13:16] [ERROR] !   at …rhino.InterpretedFunction.call(InterpretedFunction.java:72)
[22:13:16] [ERROR] !   at …rhino.Context.callSync(Context.java:1357)
[22:13:16] [ERROR] !   at …rhino.Context.doTopCall(Context.java:1374)
[22:13:16] [ERROR] !   at …rhino.InterpretedFunction.call(InterpretedFunction.java:70)
[22:13:16] [ERROR] !   at …rhino.Context.callSync(Context.java:1357)
[22:13:16] [ERROR] !   at …rhino.ArrowFunction.call(ArrowFunction.java:42)
[22:13:16] [ERROR] !   at …rhino.Context.callSync(Context.java:1357)
[22:13:16] [ERROR] !   at …rhino.InterfaceAdapter.invoke(InterfaceAdapter.java:125)
[22:13:16] [ERROR] !   at …rhino.VMBridge.lambda$newInterfaceProxy$0(VMBridge.java:74)
[22:13:16] [ERROR] !   at TRANSFORMER/jdk.proxy3/jdk.proxy3.$Proxy95.onEvent(Unknown Source)
[22:13:16] [ERROR] !   at …kubejs.event.EventHandlerContainer.handle(EventHandlerContainer.java:39)
[22:13:16] [ERROR] !   at …kubejs.event.EventHandler.postToHandlers(EventHandler.java:304)
[22:13:16] [ERROR] !   at …kubejs.event.EventHandler.post(EventHandler.java:272)
[22:13:16] [ERROR] !   at …kubejs.event.EventHandler.post(EventHandler.java:226)
[22:13:16] [ERROR] !   at …kubejs.event.EventHandler.post(EventHandler.java:189)
[22:13:16] [ERROR] !   at …kubejs.integration.forge.jei.JEIPlugin.onRuntimeAvailable(JEIPlugin.java:40)
[22:13:16] [ERROR] !   at mezz.jei.library.startup.JeiStarter.lambda$start$3(JeiStarter.java:158)
[22:13:16] [ERROR] !   at mezz.jei.library.load.PluginCaller.callOnPlugins(PluginCaller.java:25)
[22:13:16] [ERROR] !   at mezz.jei.library.startup.JeiStarter.start(JeiStarter.java:158)
[22:13:16] [ERROR] !   at mezz.jei.forge.startup.StartEventObserver.transitionState(StartEventObserver.java:130)
[22:13:16] [ERROR] !   at mezz.jei.forge.startup.StartEventObserver.restart(StartEventObserver.java:109)
[22:13:16] [ERROR] !   at mezz.jei.forge.startup.StartEventObserver.onEvent(StartEventObserver.java:96)
[22:13:16] [ERROR] !   at MC-BOOTSTRAP/net.minecraftforge.eventbus/net.minecraftforge.eventbus.EventBus.doCastFilter(EventBus.java:260)
[22:13:16] [ERROR] !   at MC-BOOTSTRAP/net.minecraftforge.eventbus/net.minecraftforge.eventbus.EventBus.lambda$addListener$11(EventBus.java:252)
[22:13:16] [ERROR] !   at MC-BOOTSTRAP/net.minecraftforge.eventbus/net.minecraftforge.eventbus.EventBus.post(EventBus.java:315)
[22:13:16] [ERROR] !   at MC-BOOTSTRAP/net.minecraftforge.eventbus/net.minecraftforge.eventbus.EventBus.post(EventBus.java:296)
[22:13:16] [ERROR] !   at net.minecraftforge.client.ForgeHooksClient.onRecipesUpdated(ForgeHooksClient.java:718)
[22:13:16] [ERROR] !   at net.minecraft.client.multiplayer.ClientPacketListener.m_6327_(ClientPacketListener.java:1354)
[22:13:16] [ERROR] !   at net.minecraft.network.protocol.game.ClientboundUpdateRecipesPacket.m_5797_(ClientboundUpdateRecipesPacket.java:32)
[22:13:16] [ERROR] !   at net.minecraft.network.protocol.game.ClientboundUpdateRecipesPacket.m_5797_(ClientboundUpdateRecipesPacket.java:14)
[22:13:16] [ERROR] !   at net.minecraft.network.protocol.PacketUtils.m_263899_(PacketUtils.java:22)
[22:13:16] [ERROR] !   at net.minecraft.util.thread.BlockableEventLoop.m_6367_(BlockableEventLoop.java:156)
[22:13:16] [ERROR] !   at net.minecraft.util.thread.ReentrantBlockableEventLoop.m_6367_(ReentrantBlockableEventLoop.java:23)
[22:13:16] [ERROR] !   at net.minecraft.util.thread.BlockableEventLoop.m_7245_(BlockableEventLoop.java:130)
[22:13:16] [ERROR] !   at net.minecraft.util.thread.BlockableEventLoop.m_18699_(BlockableEventLoop.java:115)
[22:13:16] [ERROR] !   at net.minecraft.client.Minecraft.m_91383_(Minecraft.java:1106)
[22:13:16] [ERROR] !   at net.minecraft.client.Minecraft.m_91374_(Minecraft.java:718)
[22:13:16] [ERROR] !   at net.minecraft.client.main.Main.main(Main.java:218)
[22:13:16] [ERROR] !   at java.lang.reflect.Method.invoke(Unknown Source)
[22:13:16] [ERROR] !   at MC-BOOTSTRAP/fmlloader@1.20.1-47.4.6/net.minecraftforge.fml.loading.targets.CommonLaunchHandler.runTarget(CommonLaunchHandler.java:111)
[22:13:16] [ERROR] !   at MC-BOOTSTRAP/fmlloader@1.20.1-47.4.6/net.minecraftforge.fml.loading.targets.CommonLaunchHandler.clientService(CommonLaunchHandler.java:99)
[22:13:16] [ERROR] !   at MC-BOOTSTRAP/fmlloader@1.20.1-47.4.6/net.minecraftforge.fml.loading.targets.CommonClientLaunchHandler.lambda$makeService$0(CommonClientLaunchHandler.java:25)
[22:13:16] [ERROR] !   at MC-BOOTSTRAP/cpw.mods.modlauncher@10.0.9/cpw.mods.modlauncher.LaunchServiceHandlerDecorator.launch(LaunchServiceHandlerDecorator.java:30)
[22:13:16] [ERROR] !   at MC-BOOTSTRAP/cpw.mods.modlauncher@10.0.9/cpw.mods.modlauncher.LaunchServiceHandler.launch(LaunchServiceHandler.java:53)
[22:13:16] [ERROR] !   at MC-BOOTSTRAP/cpw.mods.modlauncher@10.0.9/cpw.mods.modlauncher.LaunchServiceHandler.launch(LaunchServiceHandler.java:71)
[22:13:16] [ERROR] !   at MC-BOOTSTRAP/cpw.mods.modlauncher@10.0.9/cpw.mods.modlauncher.Launcher.run(Launcher.java:108)
[22:13:16] [ERROR] !   at MC-BOOTSTRAP/cpw.mods.modlauncher@10.0.9/cpw.mods.modlauncher.Launcher.main(Launcher.java:78)
[22:13:16] [ERROR] !   at MC-BOOTSTRAP/cpw.mods.modlauncher@10.0.9/cpw.mods.modlauncher.BootstrapLaunchConsumer.accept(BootstrapLaunchConsumer.java:26)
[22:13:16] [ERROR] !   at MC-BOOTSTRAP/cpw.mods.modlauncher@10.0.9/cpw.mods.modlauncher.BootstrapLaunchConsumer.accept(BootstrapLaunchConsumer.java:23)
[22:13:16] [ERROR] !   at cpw.mods.bootstraplauncher@1.1.2/cpw.mods.bootstraplauncher.BootstrapLauncher.main(BootstrapLauncher.java:141)
[22:14:29] [ERROR] ! Error in 'JEIEvents.hideItems': Non [a-z0-9/._-] character in path of location: create:xycraft_world:raw_aluminum
[22:14:29] [ERROR] ! net.minecraft.ResourceLocationException: Non [a-z0-9/._-] character in path of location: create:xycraft_world:raw_aluminum
[22:14:29] [ERROR] !   at net.minecraft.resources.ResourceLocation.m_245185_(ResourceLocation.java:242)
[22:14:29] [ERROR] !   at net.minecraft.resources.ResourceLocation.<init>(ResourceLocation.java:40)
[22:14:29] [ERROR] !   at net.minecraft.resources.ResourceLocation.<init>(ResourceLocation.java:44)
[22:14:29] [ERROR] !   at net.minecraft.resources.ResourceLocation.<init>(ResourceLocation.java:50)
[22:14:29] [ERROR] !   at …kubejs.item.ingredient.IngredientJS.parse(IngredientJS.java:145)
[22:14:29] [ERROR] !   at …kubejs.item.ingredient.IngredientJS.of(IngredientJS.java:55)
[22:14:29] [ERROR] !   at …kubejs.integration.forge.jei.HideJEIEventJS.hide(HideJEIEventJS.java:35)
[22:14:29] [ERROR] !   at java.lang.reflect.Method.invoke(Unknown Source)
[22:14:29] [ERROR] !   at …rhino.MemberBox.invoke(MemberBox.java:160)
[22:14:29] [ERROR] !   at …rhino.NativeJavaMethod.call(NativeJavaMethod.java:463)
[22:14:29] [ERROR] !   at …rhino.Interpreter.interpretLoop(Interpreter.java:986)
[22:14:29] [ERROR] !   at …rhino.Interpreter.interpret(Interpreter.java:370)
[22:14:29] [ERROR] !   at …rhino.InterpretedFunction.call(InterpretedFunction.java:72)
[22:14:29] [ERROR] !   at …rhino.Context.callSync(Context.java:1357)
[22:14:29] [ERROR] !   at …rhino.ArrowFunction.call(ArrowFunction.java:42)
[22:14:29] [ERROR] !   at …rhino.NativeArray.iterativeMethod(NativeArray.java:1314)
[22:14:29] [ERROR] !   at …rhino.NativeArray.execIdCall(NativeArray.java:1798)
[22:14:29] [ERROR] !   at …rhino.IdFunctionObject.call(IdFunctionObject.java:103)
[22:14:29] [ERROR] !   at …rhino.Interpreter.interpretLoop(Interpreter.java:986)
[22:14:29] [ERROR] !   at …rhino.Interpreter.interpret(Interpreter.java:370)
[22:14:29] [ERROR] !   at …rhino.InterpretedFunction.call(InterpretedFunction.java:72)
[22:14:29] [ERROR] !   at …rhino.Context.callSync(Context.java:1357)
[22:14:29] [ERROR] !   at …rhino.ArrowFunction.call(ArrowFunction.java:42)
[22:14:29] [ERROR] !   at …rhino.NativeArray.iterativeMethod(NativeArray.java:1314)
[22:14:29] [ERROR] !   at …rhino.NativeArray.execIdCall(NativeArray.java:1798)
[22:14:29] [ERROR] !   at …rhino.IdFunctionObject.call(IdFunctionObject.java:103)
[22:14:29] [ERROR] !   at …rhino.Interpreter.interpretLoop(Interpreter.java:986)
[22:14:29] [ERROR] !   at …rhino.Interpreter.interpret(Interpreter.java:370)
[22:14:29] [ERROR] !   at …rhino.InterpretedFunction.call(InterpretedFunction.java:72)
[22:14:29] [ERROR] !   at …rhino.Context.callSync(Context.java:1357)
[22:14:29] [ERROR] !   at …rhino.Context.doTopCall(Context.java:1374)
[22:14:29] [ERROR] !   at …rhino.InterpretedFunction.call(InterpretedFunction.java:70)
[22:14:29] [ERROR] !   at …rhino.Context.callSync(Context.java:1357)
[22:14:29] [ERROR] !   at …rhino.ArrowFunction.call(ArrowFunction.java:42)
[22:14:29] [ERROR] !   at …rhino.Context.callSync(Context.java:1357)
[22:14:29] [ERROR] !   at …rhino.InterfaceAdapter.invoke(InterfaceAdapter.java:125)
[22:14:29] [ERROR] !   at …rhino.VMBridge.lambda$newInterfaceProxy$0(VMBridge.java:74)
[22:14:29] [ERROR] !   at TRANSFORMER/jdk.proxy3/jdk.proxy3.$Proxy95.onEvent(Unknown Source)
[22:14:29] [ERROR] !   at …kubejs.event.EventHandlerContainer.handle(EventHandlerContainer.java:39)
[22:14:29] [ERROR] !   at …kubejs.event.EventHandler.postToHandlers(EventHandler.java:304)
[22:14:29] [ERROR] !   at …kubejs.event.EventHandler.post(EventHandler.java:272)
[22:14:29] [ERROR] !   at …kubejs.event.EventHandler.post(EventHandler.java:226)
[22:14:29] [ERROR] !   at …kubejs.event.EventHandler.post(EventHandler.java:189)
[22:14:29] [ERROR] !   at …kubejs.integration.forge.jei.JEIPlugin.onRuntimeAvailable(JEIPlugin.java:40)
[22:14:29] [ERROR] !   at mezz.jei.library.startup.JeiStarter.lambda$start$3(JeiStarter.java:158)
[22:14:29] [ERROR] !   at mezz.jei.library.load.PluginCaller.callOnPlugins(PluginCaller.java:25)
[22:14:29] [ERROR] !   at mezz.jei.library.startup.JeiStarter.start(JeiStarter.java:158)
[22:14:29] [ERROR] !   at mezz.jei.forge.startup.StartEventObserver.transitionState(StartEventObserver.java:130)
[22:14:29] [ERROR] !   at mezz.jei.forge.startup.StartEventObserver.restart(StartEventObserver.java:109)
[22:14:29] [ERROR] !   at mezz.jei.forge.startup.StartEventObserver.onEvent(StartEventObserver.java:96)
[22:14:29] [ERROR] !   at MC-BOOTSTRAP/net.minecraftforge.eventbus/net.minecraftforge.eventbus.EventBus.doCastFilter(EventBus.java:260)
[22:14:29] [ERROR] !   at MC-BOOTSTRAP/net.minecraftforge.eventbus/net.minecraftforge.eventbus.EventBus.lambda$addListener$11(EventBus.java:252)
[22:14:29] [ERROR] !   at MC-BOOTSTRAP/net.minecraftforge.eventbus/net.minecraftforge.eventbus.EventBus.post(EventBus.java:315)
[22:14:29] [ERROR] !   at MC-BOOTSTRAP/net.minecraftforge.eventbus/net.minecraftforge.eventbus.EventBus.post(EventBus.java:296)
[22:14:29] [ERROR] !   at net.minecraftforge.client.ForgeHooksClient.onRecipesUpdated(ForgeHooksClient.java:718)
[22:14:29] [ERROR] !   at net.minecraft.client.multiplayer.ClientPacketListener.m_6327_(ClientPacketListener.java:1354)
[22:14:29] [ERROR] !   at net.minecraft.network.protocol.game.ClientboundUpdateRecipesPacket.m_5797_(ClientboundUpdateRecipesPacket.java:32)
[22:14:29] [ERROR] !   at net.minecraft.network.protocol.game.ClientboundUpdateRecipesPacket.m_5797_(ClientboundUpdateRecipesPacket.java:14)
[22:14:29] [ERROR] !   at net.minecraft.network.protocol.PacketUtils.m_263899_(PacketUtils.java:22)
[22:14:29] [ERROR] !   at net.minecraft.util.thread.BlockableEventLoop.m_6367_(BlockableEventLoop.java:156)
[22:14:29] [ERROR] !   at net.minecraft.util.thread.ReentrantBlockableEventLoop.m_6367_(ReentrantBlockableEventLoop.java:23)
[22:14:29] [ERROR] !   at net.minecraft.util.thread.BlockableEventLoop.m_7245_(BlockableEventLoop.java:130)
[22:14:29] [ERROR] !   at net.minecraft.util.thread.BlockableEventLoop.m_18699_(BlockableEventLoop.java:115)
[22:14:29] [ERROR] !   at net.minecraft.client.Minecraft.m_91383_(Minecraft.java:1106)
[22:14:29] [ERROR] !   at net.minecraft.client.Minecraft.m_91374_(Minecraft.java:718)
[22:14:29] [ERROR] !   at net.minecraft.client.main.Main.main(Main.java:218)
[22:14:29] [ERROR] !   at java.lang.reflect.Method.invoke(Unknown Source)
[22:14:29] [ERROR] !   at MC-BOOTSTRAP/fmlloader@1.20.1-47.4.6/net.minecraftforge.fml.loading.targets.CommonLaunchHandler.runTarget(CommonLaunchHandler.java:111)
[22:14:29] [ERROR] !   at MC-BOOTSTRAP/fmlloader@1.20.1-47.4.6/net.minecraftforge.fml.loading.targets.CommonLaunchHandler.clientService(CommonLaunchHandler.java:99)
[22:14:29] [ERROR] !   at MC-BOOTSTRAP/fmlloader@1.20.1-47.4.6/net.minecraftforge.fml.loading.targets.CommonClientLaunchHandler.lambda$makeService$0(CommonClientLaunchHandler.java:25)
[22:14:29] [ERROR] !   at MC-BOOTSTRAP/cpw.mods.modlauncher@10.0.9/cpw.mods.modlauncher.LaunchServiceHandlerDecorator.launch(LaunchServiceHandlerDecorator.java:30)
[22:14:29] [ERROR] !   at MC-BOOTSTRAP/cpw.mods.modlauncher@10.0.9/cpw.mods.modlauncher.LaunchServiceHandler.launch(LaunchServiceHandler.java:53)
[22:14:29] [ERROR] !   at MC-BOOTSTRAP/cpw.mods.modlauncher@10.0.9/cpw.mods.modlauncher.LaunchServiceHandler.launch(LaunchServiceHandler.java:71)
[22:14:29] [ERROR] !   at MC-BOOTSTRAP/cpw.mods.modlauncher@10.0.9/cpw.mods.modlauncher.Launcher.run(Launcher.java:108)
[22:14:29] [ERROR] !   at MC-BOOTSTRAP/cpw.mods.modlauncher@10.0.9/cpw.mods.modlauncher.Launcher.main(Launcher.java:78)
[22:14:29] [ERROR] !   at MC-BOOTSTRAP/cpw.mods.modlauncher@10.0.9/cpw.mods.modlauncher.BootstrapLaunchConsumer.accept(BootstrapLaunchConsumer.java:26)
[22:14:29] [ERROR] !   at MC-BOOTSTRAP/cpw.mods.modlauncher@10.0.9/cpw.mods.modlauncher.BootstrapLaunchConsumer.accept(BootstrapLaunchConsumer.java:23)
[22:14:29] [ERROR] !   at cpw.mods.bootstraplauncher@1.1.2/cpw.mods.bootstraplauncher.BootstrapLauncher.main(BootstrapLauncher.java:141)
[22:18:37] [ERROR] ! Error in 'JEIEvents.hideItems': Non [a-z0-9/._-] character in path of location: create:xycraft_world:raw_aluminum
[22:18:37] [ERROR] ! net.minecraft.ResourceLocationException: Non [a-z0-9/._-] character in path of location: create:xycraft_world:raw_aluminum
[22:18:37] [ERROR] !   at net.minecraft.resources.ResourceLocation.m_245185_(ResourceLocation.java:242)
[22:18:37] [ERROR] !   at net.minecraft.resources.ResourceLocation.<init>(ResourceLocation.java:40)
[22:18:37] [ERROR] !   at net.minecraft.resources.ResourceLocation.<init>(ResourceLocation.java:44)
[22:18:37] [ERROR] !   at net.minecraft.resources.ResourceLocation.<init>(ResourceLocation.java:50)
[22:18:37] [ERROR] !   at …kubejs.item.ingredient.IngredientJS.parse(IngredientJS.java:145)
[22:18:37] [ERROR] !   at …kubejs.item.ingredient.IngredientJS.of(IngredientJS.java:55)
[22:18:37] [ERROR] !   at …kubejs.integration.forge.jei.HideJEIEventJS.hide(HideJEIEventJS.java:35)
[22:18:37] [ERROR] !   at java.lang.reflect.Method.invoke(Unknown Source)
[22:18:37] [ERROR] !   at …rhino.MemberBox.invoke(MemberBox.java:160)
[22:18:37] [ERROR] !   at …rhino.NativeJavaMethod.call(NativeJavaMethod.java:463)
[22:18:37] [ERROR] !   at …rhino.Interpreter.interpretLoop(Interpreter.java:986)
[22:18:37] [ERROR] !   at …rhino.Interpreter.interpret(Interpreter.java:370)
[22:18:37] [ERROR] !   at …rhino.InterpretedFunction.call(InterpretedFunction.java:72)
[22:18:37] [ERROR] !   at …rhino.Context.callSync(Context.java:1357)
[22:18:37] [ERROR] !   at …rhino.ArrowFunction.call(ArrowFunction.java:42)
[22:18:37] [ERROR] !   at …rhino.NativeArray.iterativeMethod(NativeArray.java:1314)
[22:18:37] [ERROR] !   at …rhino.NativeArray.execIdCall(NativeArray.java:1798)
[22:18:37] [ERROR] !   at …rhino.IdFunctionObject.call(IdFunctionObject.java:103)
[22:18:37] [ERROR] !   at …rhino.Interpreter.interpretLoop(Interpreter.java:986)
[22:18:37] [ERROR] !   at …rhino.Interpreter.interpret(Interpreter.java:370)
[22:18:37] [ERROR] !   at …rhino.InterpretedFunction.call(InterpretedFunction.java:72)
[22:18:37] [ERROR] !   at …rhino.Context.callSync(Context.java:1357)
[22:18:37] [ERROR] !   at …rhino.ArrowFunction.call(ArrowFunction.java:42)
[22:18:37] [ERROR] !   at …rhino.NativeArray.iterativeMethod(NativeArray.java:1314)
[22:18:37] [ERROR] !   at …rhino.NativeArray.execIdCall(NativeArray.java:1798)
[22:18:37] [ERROR] !   at …rhino.IdFunctionObject.call(IdFunctionObject.java:103)
[22:18:37] [ERROR] !   at …rhino.Interpreter.interpretLoop(Interpreter.java:986)
[22:18:37] [ERROR] !   at …rhino.Interpreter.interpret(Interpreter.java:370)
[22:18:37] [ERROR] !   at …rhino.InterpretedFunction.call(InterpretedFunction.java:72)
[22:18:37] [ERROR] !   at …rhino.Context.callSync(Context.java:1357)
[22:18:37] [ERROR] !   at …rhino.Context.doTopCall(Context.java:1374)
[22:18:37] [ERROR] !   at …rhino.InterpretedFunction.call(InterpretedFunction.java:70)
[22:18:37] [ERROR] !   at …rhino.Context.callSync(Context.java:1357)
[22:18:37] [ERROR] !   at …rhino.ArrowFunction.call(ArrowFunction.java:42)
[22:18:37] [ERROR] !   at …rhino.Context.callSync(Context.java:1357)
[22:18:37] [ERROR] !   at …rhino.InterfaceAdapter.invoke(InterfaceAdapter.java:125)
[22:18:37] [ERROR] !   at …rhino.VMBridge.lambda$newInterfaceProxy$0(VMBridge.java:74)
[22:18:37] [ERROR] !   at TRANSFORMER/jdk.proxy3/jdk.proxy3.$Proxy95.onEvent(Unknown Source)
[22:18:37] [ERROR] !   at …kubejs.event.EventHandlerContainer.handle(EventHandlerContainer.java:39)
[22:18:37] [ERROR] !   at …kubejs.event.EventHandler.postToHandlers(EventHandler.java:304)
[22:18:37] [ERROR] !   at …kubejs.event.EventHandler.post(EventHandler.java:272)
[22:18:37] [ERROR] !   at …kubejs.event.EventHandler.post(EventHandler.java:226)
[22:18:37] [ERROR] !   at …kubejs.event.EventHandler.post(EventHandler.java:189)
[22:18:37] [ERROR] !   at …kubejs.integration.forge.jei.JEIPlugin.onRuntimeAvailable(JEIPlugin.java:40)
[22:18:37] [ERROR] !   at mezz.jei.library.startup.JeiStarter.lambda$start$3(JeiStarter.java:158)
[22:18:37] [ERROR] !   at mezz.jei.library.load.PluginCaller.callOnPlugins(PluginCaller.java:25)
[22:18:37] [ERROR] !   at mezz.jei.library.startup.JeiStarter.start(JeiStarter.java:158)
[22:18:37] [ERROR] !   at mezz.jei.forge.startup.StartEventObserver.transitionState(StartEventObserver.java:130)
[22:18:37] [ERROR] !   at mezz.jei.forge.startup.StartEventObserver.restart(StartEventObserver.java:109)
[22:18:37] [ERROR] !   at mezz.jei.forge.startup.StartEventObserver.onEvent(StartEventObserver.java:96)
[22:18:37] [ERROR] !   at MC-BOOTSTRAP/net.minecraftforge.eventbus/net.minecraftforge.eventbus.EventBus.doCastFilter(EventBus.java:260)
[22:18:37] [ERROR] !   at MC-BOOTSTRAP/net.minecraftforge.eventbus/net.minecraftforge.eventbus.EventBus.lambda$addListener$11(EventBus.java:252)
[22:18:37] [ERROR] !   at MC-BOOTSTRAP/net.minecraftforge.eventbus/net.minecraftforge.eventbus.EventBus.post(EventBus.java:315)
[22:18:37] [ERROR] !   at MC-BOOTSTRAP/net.minecraftforge.eventbus/net.minecraftforge.eventbus.EventBus.post(EventBus.java:296)
[22:18:37] [ERROR] !   at net.minecraftforge.client.ForgeHooksClient.onRecipesUpdated(ForgeHooksClient.java:718)
[22:18:37] [ERROR] !   at net.minecraft.client.multiplayer.ClientPacketListener.m_6327_(ClientPacketListener.java:1354)
[22:18:37] [ERROR] !   at net.minecraft.network.protocol.game.ClientboundUpdateRecipesPacket.m_5797_(ClientboundUpdateRecipesPacket.java:32)
[22:18:37] [ERROR] !   at net.minecraft.network.protocol.game.ClientboundUpdateRecipesPacket.m_5797_(ClientboundUpdateRecipesPacket.java:14)
[22:18:37] [ERROR] !   at net.minecraft.network.protocol.PacketUtils.m_263899_(PacketUtils.java:22)
[22:18:37] [ERROR] !   at net.minecraft.util.thread.BlockableEventLoop.m_6367_(BlockableEventLoop.java:156)
[22:18:37] [ERROR] !   at net.minecraft.util.thread.ReentrantBlockableEventLoop.m_6367_(ReentrantBlockableEventLoop.java:23)
[22:18:37] [ERROR] !   at net.minecraft.util.thread.BlockableEventLoop.m_7245_(BlockableEventLoop.java:130)
[22:18:37] [ERROR] !   at net.minecraft.util.thread.BlockableEventLoop.m_18699_(BlockableEventLoop.java:115)
[22:18:37] [ERROR] !   at net.minecraft.client.Minecraft.m_91383_(Minecraft.java:1106)
[22:18:37] [ERROR] !   at net.minecraft.client.Minecraft.m_91374_(Minecraft.java:718)
[22:18:37] [ERROR] !   at net.minecraft.client.main.Main.main(Main.java:218)
[22:18:37] [ERROR] !   at java.lang.reflect.Method.invoke(Unknown Source)
[22:18:37] [ERROR] !   at MC-BOOTSTRAP/fmlloader@1.20.1-47.4.6/net.minecraftforge.fml.loading.targets.CommonLaunchHandler.runTarget(CommonLaunchHandler.java:111)
[22:18:37] [ERROR] !   at MC-BOOTSTRAP/fmlloader@1.20.1-47.4.6/net.minecraftforge.fml.loading.targets.CommonLaunchHandler.clientService(CommonLaunchHandler.java:99)
[22:18:37] [ERROR] !   at MC-BOOTSTRAP/fmlloader@1.20.1-47.4.6/net.minecraftforge.fml.loading.targets.CommonClientLaunchHandler.lambda$makeService$0(CommonClientLaunchHandler.java:25)
[22:18:37] [ERROR] !   at MC-BOOTSTRAP/cpw.mods.modlauncher@10.0.9/cpw.mods.modlauncher.LaunchServiceHandlerDecorator.launch(LaunchServiceHandlerDecorator.java:30)
[22:18:37] [ERROR] !   at MC-BOOTSTRAP/cpw.mods.modlauncher@10.0.9/cpw.mods.modlauncher.LaunchServiceHandler.launch(LaunchServiceHandler.java:53)
[22:18:37] [ERROR] !   at MC-BOOTSTRAP/cpw.mods.modlauncher@10.0.9/cpw.mods.modlauncher.LaunchServiceHandler.launch(LaunchServiceHandler.java:71)
[22:18:37] [ERROR] !   at MC-BOOTSTRAP/cpw.mods.modlauncher@10.0.9/cpw.mods.modlauncher.Launcher.run(Launcher.java:108)
[22:18:37] [ERROR] !   at MC-BOOTSTRAP/cpw.mods.modlauncher@10.0.9/cpw.mods.modlauncher.Launcher.main(Launcher.java:78)
[22:18:37] [ERROR] !   at MC-BOOTSTRAP/cpw.mods.modlauncher@10.0.9/cpw.mods.modlauncher.BootstrapLaunchConsumer.accept(BootstrapLaunchConsumer.java:26)
[22:18:37] [ERROR] !   at MC-BOOTSTRAP/cpw.mods.modlauncher@10.0.9/cpw.mods.modlauncher.BootstrapLaunchConsumer.accept(BootstrapLaunchConsumer.java:23)
[22:18:37] [ERROR] !   at cpw.mods.bootstraplauncher@1.1.2/cpw.mods.bootstraplauncher.BootstrapLauncher.main(BootstrapLauncher.java:141)
[22:21:18] [ERROR] ! Error in 'JEIEvents.hideItems': Non [a-z0-9/._-] character in path of location: create:xycraft_world:raw_aluminum
[22:21:18] [ERROR] ! net.minecraft.ResourceLocationException: Non [a-z0-9/._-] character in path of location: create:xycraft_world:raw_aluminum
[22:21:18] [ERROR] !   at net.minecraft.resources.ResourceLocation.m_245185_(ResourceLocation.java:242)
[22:21:18] [ERROR] !   at net.minecraft.resources.ResourceLocation.<init>(ResourceLocation.java:40)
[22:21:18] [ERROR] !   at net.minecraft.resources.ResourceLocation.<init>(ResourceLocation.java:44)
[22:21:18] [ERROR] !   at net.minecraft.resources.ResourceLocation.<init>(ResourceLocation.java:50)
[22:21:18] [ERROR] !   at …kubejs.item.ingredient.IngredientJS.parse(IngredientJS.java:145)
[22:21:18] [ERROR] !   at …kubejs.item.ingredient.IngredientJS.of(IngredientJS.java:55)
[22:21:18] [ERROR] !   at …kubejs.integration.forge.jei.HideJEIEventJS.hide(HideJEIEventJS.java:35)
[22:21:18] [ERROR] !   at java.lang.reflect.Method.invoke(Unknown Source)
[22:21:18] [ERROR] !   at …rhino.MemberBox.invoke(MemberBox.java:160)
[22:21:18] [ERROR] !   at …rhino.NativeJavaMethod.call(NativeJavaMethod.java:463)
[22:21:18] [ERROR] !   at …rhino.Interpreter.interpretLoop(Interpreter.java:986)
[22:21:18] [ERROR] !   at …rhino.Interpreter.interpret(Interpreter.java:370)
[22:21:18] [ERROR] !   at …rhino.InterpretedFunction.call(InterpretedFunction.java:72)
[22:21:18] [ERROR] !   at …rhino.Context.callSync(Context.java:1357)
[22:21:18] [ERROR] !   at …rhino.ArrowFunction.call(ArrowFunction.java:42)
[22:21:18] [ERROR] !   at …rhino.NativeArray.iterativeMethod(NativeArray.java:1314)
[22:21:18] [ERROR] !   at …rhino.NativeArray.execIdCall(NativeArray.java:1798)
[22:21:18] [ERROR] !   at …rhino.IdFunctionObject.call(IdFunctionObject.java:103)
[22:21:18] [ERROR] !   at …rhino.Interpreter.interpretLoop(Interpreter.java:986)
[22:21:18] [ERROR] !   at …rhino.Interpreter.interpret(Interpreter.java:370)
[22:21:18] [ERROR] !   at …rhino.InterpretedFunction.call(InterpretedFunction.java:72)
[22:21:18] [ERROR] !   at …rhino.Context.callSync(Context.java:1357)
[22:21:18] [ERROR] !   at …rhino.ArrowFunction.call(ArrowFunction.java:42)
[22:21:18] [ERROR] !   at …rhino.NativeArray.iterativeMethod(NativeArray.java:1314)
[22:21:18] [ERROR] !   at …rhino.NativeArray.execIdCall(NativeArray.java:1798)
[22:21:18] [ERROR] !   at …rhino.IdFunctionObject.call(IdFunctionObject.java:103)
[22:21:18] [ERROR] !   at …rhino.Interpreter.interpretLoop(Interpreter.java:986)
[22:21:18] [ERROR] !   at …rhino.Interpreter.interpret(Interpreter.java:370)
[22:21:18] [ERROR] !   at …rhino.InterpretedFunction.call(InterpretedFunction.java:72)
[22:21:18] [ERROR] !   at …rhino.Context.callSync(Context.java:1357)
[22:21:18] [ERROR] !   at …rhino.Context.doTopCall(Context.java:1374)
[22:21:18] [ERROR] !   at …rhino.InterpretedFunction.call(InterpretedFunction.java:70)
[22:21:18] [ERROR] !   at …rhino.Context.callSync(Context.java:1357)
[22:21:18] [ERROR] !   at …rhino.ArrowFunction.call(ArrowFunction.java:42)
[22:21:18] [ERROR] !   at …rhino.Context.callSync(Context.java:1357)
[22:21:18] [ERROR] !   at …rhino.InterfaceAdapter.invoke(InterfaceAdapter.java:125)
[22:21:18] [ERROR] !   at …rhino.VMBridge.lambda$newInterfaceProxy$0(VMBridge.java:74)
[22:21:18] [ERROR] !   at TRANSFORMER/jdk.proxy3/jdk.proxy3.$Proxy95.onEvent(Unknown Source)
[22:21:18] [ERROR] !   at …kubejs.event.EventHandlerContainer.handle(EventHandlerContainer.java:39)
[22:21:18] [ERROR] !   at …kubejs.event.EventHandler.postToHandlers(EventHandler.java:304)
[22:21:18] [ERROR] !   at …kubejs.event.EventHandler.post(EventHandler.java:272)
[22:21:18] [ERROR] !   at …kubejs.event.EventHandler.post(EventHandler.java:226)
[22:21:18] [ERROR] !   at …kubejs.event.EventHandler.post(EventHandler.java:189)
[22:21:18] [ERROR] !   at …kubejs.integration.forge.jei.JEIPlugin.onRuntimeAvailable(JEIPlugin.java:40)
[22:21:18] [ERROR] !   at mezz.jei.library.startup.JeiStarter.lambda$start$3(JeiStarter.java:158)
[22:21:18] [ERROR] !   at mezz.jei.library.load.PluginCaller.callOnPlugins(PluginCaller.java:25)
[22:21:18] [ERROR] !   at mezz.jei.library.startup.JeiStarter.start(JeiStarter.java:158)
[22:21:18] [ERROR] !   at mezz.jei.forge.startup.StartEventObserver.transitionState(StartEventObserver.java:130)
[22:21:18] [ERROR] !   at mezz.jei.forge.startup.StartEventObserver.restart(StartEventObserver.java:109)
[22:21:18] [ERROR] !   at mezz.jei.forge.startup.StartEventObserver.onEvent(StartEventObserver.java:96)
[22:21:18] [ERROR] !   at MC-BOOTSTRAP/net.minecraftforge.eventbus/net.minecraftforge.eventbus.EventBus.doCastFilter(EventBus.java:260)
[22:21:18] [ERROR] !   at MC-BOOTSTRAP/net.minecraftforge.eventbus/net.minecraftforge.eventbus.EventBus.lambda$addListener$11(EventBus.java:252)
[22:21:18] [ERROR] !   at MC-BOOTSTRAP/net.minecraftforge.eventbus/net.minecraftforge.eventbus.EventBus.post(EventBus.java:315)
[22:21:18] [ERROR] !   at MC-BOOTSTRAP/net.minecraftforge.eventbus/net.minecraftforge.eventbus.EventBus.post(EventBus.java:296)
[22:21:18] [ERROR] !   at net.minecraftforge.client.ForgeHooksClient.onRecipesUpdated(ForgeHooksClient.java:718)
[22:21:18] [ERROR] !   at net.minecraft.client.multiplayer.ClientPacketListener.m_6327_(ClientPacketListener.java:1354)
[22:21:18] [ERROR] !   at net.minecraft.network.protocol.game.ClientboundUpdateRecipesPacket.m_5797_(ClientboundUpdateRecipesPacket.java:32)
[22:21:18] [ERROR] !   at net.minecraft.network.protocol.game.ClientboundUpdateRecipesPacket.m_5797_(ClientboundUpdateRecipesPacket.java:14)
[22:21:18] [ERROR] !   at net.minecraft.network.protocol.PacketUtils.m_263899_(PacketUtils.java:22)
[22:21:18] [ERROR] !   at net.minecraft.util.thread.BlockableEventLoop.m_6367_(BlockableEventLoop.java:156)
[22:21:18] [ERROR] !   at net.minecraft.util.thread.ReentrantBlockableEventLoop.m_6367_(ReentrantBlockableEventLoop.java:23)
[22:21:18] [ERROR] !   at net.minecraft.util.thread.BlockableEventLoop.m_7245_(BlockableEventLoop.java:130)
[22:21:18] [ERROR] !   at net.minecraft.util.thread.BlockableEventLoop.m_18699_(BlockableEventLoop.java:115)
[22:21:18] [ERROR] !   at net.minecraft.client.Minecraft.m_91383_(Minecraft.java:1106)
[22:21:18] [ERROR] !   at net.minecraft.client.Minecraft.m_91374_(Minecraft.java:718)
[22:21:18] [ERROR] !   at net.minecraft.client.main.Main.main(Main.java:218)
[22:21:18] [ERROR] !   at java.lang.reflect.Method.invoke(Unknown Source)
[22:21:18] [ERROR] !   at MC-BOOTSTRAP/fmlloader@1.20.1-47.4.6/net.minecraftforge.fml.loading.targets.CommonLaunchHandler.runTarget(CommonLaunchHandler.java:111)
[22:21:18] [ERROR] !   at MC-BOOTSTRAP/fmlloader@1.20.1-47.4.6/net.minecraftforge.fml.loading.targets.CommonLaunchHandler.clientService(CommonLaunchHandler.java:99)
[22:21:18] [ERROR] !   at MC-BOOTSTRAP/fmlloader@1.20.1-47.4.6/net.minecraftforge.fml.loading.targets.CommonClientLaunchHandler.lambda$makeService$0(CommonClientLaunchHandler.java:25)
[22:21:18] [ERROR] !   at MC-BOOTSTRAP/cpw.mods.modlauncher@10.0.9/cpw.mods.modlauncher.LaunchServiceHandlerDecorator.launch(LaunchServiceHandlerDecorator.java:30)
[22:21:18] [ERROR] !   at MC-BOOTSTRAP/cpw.mods.modlauncher@10.0.9/cpw.mods.modlauncher.LaunchServiceHandler.launch(LaunchServiceHandler.java:53)
[22:21:18] [ERROR] !   at MC-BOOTSTRAP/cpw.mods.modlauncher@10.0.9/cpw.mods.modlauncher.LaunchServiceHandler.launch(LaunchServiceHandler.java:71)
[22:21:18] [ERROR] !   at MC-BOOTSTRAP/cpw.mods.modlauncher@10.0.9/cpw.mods.modlauncher.Launcher.run(Launcher.java:108)
[22:21:18] [ERROR] !   at MC-BOOTSTRAP/cpw.mods.modlauncher@10.0.9/cpw.mods.modlauncher.Launcher.main(Launcher.java:78)
[22:21:18] [ERROR] !   at MC-BOOTSTRAP/cpw.mods.modlauncher@10.0.9/cpw.mods.modlauncher.BootstrapLaunchConsumer.accept(BootstrapLaunchConsumer.java:26)
[22:21:18] [ERROR] !   at MC-BOOTSTRAP/cpw.mods.modlauncher@10.0.9/cpw.mods.modlauncher.BootstrapLaunchConsumer.accept(BootstrapLaunchConsumer.java:23)
[22:21:18] [ERROR] !   at cpw.mods.bootstraplauncher@1.1.2/cpw.mods.bootstraplauncher.BootstrapLauncher.main(BootstrapLauncher.java:141)
[22:22:59] [ERROR] ! Error in 'JEIEvents.hideItems': Non [a-z0-9/._-] character in path of location: create:xycraft_world:raw_aluminum
[22:22:59] [ERROR] ! net.minecraft.ResourceLocationException: Non [a-z0-9/._-] character in path of location: create:xycraft_world:raw_aluminum
[22:22:59] [ERROR] !   at net.minecraft.resources.ResourceLocation.m_245185_(ResourceLocation.java:242)
[22:22:59] [ERROR] !   at net.minecraft.resources.ResourceLocation.<init>(ResourceLocation.java:40)
[22:22:59] [ERROR] !   at net.minecraft.resources.ResourceLocation.<init>(ResourceLocation.java:44)
[22:22:59] [ERROR] !   at net.minecraft.resources.ResourceLocation.<init>(ResourceLocation.java:50)
[22:22:59] [ERROR] !   at …kubejs.item.ingredient.IngredientJS.parse(IngredientJS.java:145)
[22:22:59] [ERROR] !   at …kubejs.item.ingredient.IngredientJS.of(IngredientJS.java:55)
[22:22:59] [ERROR] !   at …kubejs.integration.forge.jei.HideJEIEventJS.hide(HideJEIEventJS.java:35)
[22:22:59] [ERROR] !   at java.lang.reflect.Method.invoke(Unknown Source)
[22:22:59] [ERROR] !   at …rhino.MemberBox.invoke(MemberBox.java:160)
[22:22:59] [ERROR] !   at …rhino.NativeJavaMethod.call(NativeJavaMethod.java:463)
[22:22:59] [ERROR] !   at …rhino.Interpreter.interpretLoop(Interpreter.java:986)
[22:22:59] [ERROR] !   at …rhino.Interpreter.interpret(Interpreter.java:370)
[22:22:59] [ERROR] !   at …rhino.InterpretedFunction.call(InterpretedFunction.java:72)
[22:22:59] [ERROR] !   at …rhino.Context.callSync(Context.java:1357)
[22:22:59] [ERROR] !   at …rhino.ArrowFunction.call(ArrowFunction.java:42)
[22:22:59] [ERROR] !   at …rhino.NativeArray.iterativeMethod(NativeArray.java:1314)
[22:22:59] [ERROR] !   at …rhino.NativeArray.execIdCall(NativeArray.java:1798)
[22:22:59] [ERROR] !   at …rhino.IdFunctionObject.call(IdFunctionObject.java:103)
[22:22:59] [ERROR] !   at …rhino.Interpreter.interpretLoop(Interpreter.java:986)
[22:22:59] [ERROR] !   at …rhino.Interpreter.interpret(Interpreter.java:370)
[22:22:59] [ERROR] !   at …rhino.InterpretedFunction.call(InterpretedFunction.java:72)
[22:22:59] [ERROR] !   at …rhino.Context.callSync(Context.java:1357)
[22:22:59] [ERROR] !   at …rhino.ArrowFunction.call(ArrowFunction.java:42)
[22:22:59] [ERROR] !   at …rhino.NativeArray.iterativeMethod(NativeArray.java:1314)
[22:22:59] [ERROR] !   at …rhino.NativeArray.execIdCall(NativeArray.java:1798)
[22:22:59] [ERROR] !   at …rhino.IdFunctionObject.call(IdFunctionObject.java:103)
[22:22:59] [ERROR] !   at …rhino.Interpreter.interpretLoop(Interpreter.java:986)
[22:22:59] [ERROR] !   at …rhino.Interpreter.interpret(Interpreter.java:370)
[22:22:59] [ERROR] !   at …rhino.InterpretedFunction.call(InterpretedFunction.java:72)
[22:22:59] [ERROR] !   at …rhino.Context.callSync(Context.java:1357)
[22:22:59] [ERROR] !   at …rhino.Context.doTopCall(Context.java:1374)
[22:22:59] [ERROR] !   at …rhino.InterpretedFunction.call(InterpretedFunction.java:70)
[22:22:59] [ERROR] !   at …rhino.Context.callSync(Context.java:1357)
[22:22:59] [ERROR] !   at …rhino.ArrowFunction.call(ArrowFunction.java:42)
[22:22:59] [ERROR] !   at …rhino.Context.callSync(Context.java:1357)
[22:22:59] [ERROR] !   at …rhino.InterfaceAdapter.invoke(InterfaceAdapter.java:125)
[22:22:59] [ERROR] !   at …rhino.VMBridge.lambda$newInterfaceProxy$0(VMBridge.java:74)
[22:22:59] [ERROR] !   at TRANSFORMER/jdk.proxy3/jdk.proxy3.$Proxy95.onEvent(Unknown Source)
[22:22:59] [ERROR] !   at …kubejs.event.EventHandlerContainer.handle(EventHandlerContainer.java:39)
[22:22:59] [ERROR] !   at …kubejs.event.EventHandler.postToHandlers(EventHandler.java:304)
[22:22:59] [ERROR] !   at …kubejs.event.EventHandler.post(EventHandler.java:272)
[22:22:59] [ERROR] !   at …kubejs.event.EventHandler.post(EventHandler.java:226)
[22:22:59] [ERROR] !   at …kubejs.event.EventHandler.post(EventHandler.java:189)
[22:22:59] [ERROR] !   at …kubejs.integration.forge.jei.JEIPlugin.onRuntimeAvailable(JEIPlugin.java:40)
[22:22:59] [ERROR] !   at mezz.jei.library.startup.JeiStarter.lambda$start$3(JeiStarter.java:158)
[22:22:59] [ERROR] !   at mezz.jei.library.load.PluginCaller.callOnPlugins(PluginCaller.java:25)
[22:22:59] [ERROR] !   at mezz.jei.library.startup.JeiStarter.start(JeiStarter.java:158)
[22:22:59] [ERROR] !   at mezz.jei.forge.startup.StartEventObserver.transitionState(StartEventObserver.java:130)
[22:22:59] [ERROR] !   at mezz.jei.forge.startup.StartEventObserver.restart(StartEventObserver.java:109)
[22:22:59] [ERROR] !   at mezz.jei.forge.startup.StartEventObserver.onEvent(StartEventObserver.java:96)
[22:22:59] [ERROR] !   at MC-BOOTSTRAP/net.minecraftforge.eventbus/net.minecraftforge.eventbus.EventBus.doCastFilter(EventBus.java:260)
[22:22:59] [ERROR] !   at MC-BOOTSTRAP/net.minecraftforge.eventbus/net.minecraftforge.eventbus.EventBus.lambda$addListener$11(EventBus.java:252)
[22:22:59] [ERROR] !   at MC-BOOTSTRAP/net.minecraftforge.eventbus/net.minecraftforge.eventbus.EventBus.post(EventBus.java:315)
[22:22:59] [ERROR] !   at MC-BOOTSTRAP/net.minecraftforge.eventbus/net.minecraftforge.eventbus.EventBus.post(EventBus.java:296)
[22:22:59] [ERROR] !   at net.minecraftforge.client.ForgeHooksClient.onRecipesUpdated(ForgeHooksClient.java:718)
[22:22:59] [ERROR] !   at net.minecraft.client.multiplayer.ClientPacketListener.m_6327_(ClientPacketListener.java:1354)
[22:22:59] [ERROR] !   at net.minecraft.network.protocol.game.ClientboundUpdateRecipesPacket.m_5797_(ClientboundUpdateRecipesPacket.java:32)
[22:22:59] [ERROR] !   at net.minecraft.network.protocol.game.ClientboundUpdateRecipesPacket.m_5797_(ClientboundUpdateRecipesPacket.java:14)
[22:22:59] [ERROR] !   at net.minecraft.network.protocol.PacketUtils.m_263899_(PacketUtils.java:22)
[22:22:59] [ERROR] !   at net.minecraft.util.thread.BlockableEventLoop.m_6367_(BlockableEventLoop.java:156)
[22:22:59] [ERROR] !   at net.minecraft.util.thread.ReentrantBlockableEventLoop.m_6367_(ReentrantBlockableEventLoop.java:23)
[22:22:59] [ERROR] !   at net.minecraft.util.thread.BlockableEventLoop.m_7245_(BlockableEventLoop.java:130)
[22:22:59] [ERROR] !   at net.minecraft.util.thread.BlockableEventLoop.m_18699_(BlockableEventLoop.java:115)
[22:22:59] [ERROR] !   at net.minecraft.client.Minecraft.m_91383_(Minecraft.java:1106)
[22:22:59] [ERROR] !   at net.minecraft.client.Minecraft.m_91374_(Minecraft.java:718)
[22:22:59] [ERROR] !   at net.minecraft.client.main.Main.main(Main.java:218)
[22:22:59] [ERROR] !   at java.lang.reflect.Method.invoke(Unknown Source)
[22:22:59] [ERROR] !   at MC-BOOTSTRAP/fmlloader@1.20.1-47.4.6/net.minecraftforge.fml.loading.targets.CommonLaunchHandler.runTarget(CommonLaunchHandler.java:111)
[22:22:59] [ERROR] !   at MC-BOOTSTRAP/fmlloader@1.20.1-47.4.6/net.minecraftforge.fml.loading.targets.CommonLaunchHandler.clientService(CommonLaunchHandler.java:99)
[22:22:59] [ERROR] !   at MC-BOOTSTRAP/fmlloader@1.20.1-47.4.6/net.minecraftforge.fml.loading.targets.CommonClientLaunchHandler.lambda$makeService$0(CommonClientLaunchHandler.java:25)
[22:22:59] [ERROR] !   at MC-BOOTSTRAP/cpw.mods.modlauncher@10.0.9/cpw.mods.modlauncher.LaunchServiceHandlerDecorator.launch(LaunchServiceHandlerDecorator.java:30)
[22:22:59] [ERROR] !   at MC-BOOTSTRAP/cpw.mods.modlauncher@10.0.9/cpw.mods.modlauncher.LaunchServiceHandler.launch(LaunchServiceHandler.java:53)
[22:22:59] [ERROR] !   at MC-BOOTSTRAP/cpw.mods.modlauncher@10.0.9/cpw.mods.modlauncher.LaunchServiceHandler.launch(LaunchServiceHandler.java:71)
[22:22:59] [ERROR] !   at MC-BOOTSTRAP/cpw.mods.modlauncher@10.0.9/cpw.mods.modlauncher.Launcher.run(Launcher.java:108)
[22:22:59] [ERROR] !   at MC-BOOTSTRAP/cpw.mods.modlauncher@10.0.9/cpw.mods.modlauncher.Launcher.main(Launcher.java:78)
[22:22:59] [ERROR] !   at MC-BOOTSTRAP/cpw.mods.modlauncher@10.0.9/cpw.mods.modlauncher.BootstrapLaunchConsumer.accept(BootstrapLaunchConsumer.java:26)
[22:22:59] [ERROR] !   at MC-BOOTSTRAP/cpw.mods.modlauncher@10.0.9/cpw.mods.modlauncher.BootstrapLaunchConsumer.accept(BootstrapLaunchConsumer.java:23)
[22:22:59] [ERROR] !   at cpw.mods.bootstraplauncher@1.1.2/cpw.mods.bootstraplauncher.BootstrapLauncher.main(BootstrapLauncher.java:141)
[22:23:59] [ERROR] ! Error in 'JEIEvents.hideItems': Non [a-z0-9/._-] character in path of location: create:xycraft_world:raw_aluminum
[22:23:59] [ERROR] ! net.minecraft.ResourceLocationException: Non [a-z0-9/._-] character in path of location: create:xycraft_world:raw_aluminum
[22:23:59] [ERROR] !   at net.minecraft.resources.ResourceLocation.m_245185_(ResourceLocation.java:242)
[22:23:59] [ERROR] !   at net.minecraft.resources.ResourceLocation.<init>(ResourceLocation.java:40)
[22:23:59] [ERROR] !   at net.minecraft.resources.ResourceLocation.<init>(ResourceLocation.java:44)
[22:23:59] [ERROR] !   at net.minecraft.resources.ResourceLocation.<init>(ResourceLocation.java:50)
[22:23:59] [ERROR] !   at …kubejs.item.ingredient.IngredientJS.parse(IngredientJS.java:145)
[22:23:59] [ERROR] !   at …kubejs.item.ingredient.IngredientJS.of(IngredientJS.java:55)
[22:23:59] [ERROR] !   at …kubejs.integration.forge.jei.HideJEIEventJS.hide(HideJEIEventJS.java:35)
[22:23:59] [ERROR] !   at java.lang.reflect.Method.invoke(Unknown Source)
[22:23:59] [ERROR] !   at …rhino.MemberBox.invoke(MemberBox.java:160)
[22:23:59] [ERROR] !   at …rhino.NativeJavaMethod.call(NativeJavaMethod.java:463)
[22:23:59] [ERROR] !   at …rhino.Interpreter.interpretLoop(Interpreter.java:986)
[22:23:59] [ERROR] !   at …rhino.Interpreter.interpret(Interpreter.java:370)
[22:23:59] [ERROR] !   at …rhino.InterpretedFunction.call(InterpretedFunction.java:72)
[22:23:59] [ERROR] !   at …rhino.Context.callSync(Context.java:1357)
[22:23:59] [ERROR] !   at …rhino.ArrowFunction.call(ArrowFunction.java:42)
[22:23:59] [ERROR] !   at …rhino.NativeArray.iterativeMethod(NativeArray.java:1314)
[22:23:59] [ERROR] !   at …rhino.NativeArray.execIdCall(NativeArray.java:1798)
[22:23:59] [ERROR] !   at …rhino.IdFunctionObject.call(IdFunctionObject.java:103)
[22:23:59] [ERROR] !   at …rhino.Interpreter.interpretLoop(Interpreter.java:986)
[22:23:59] [ERROR] !   at …rhino.Interpreter.interpret(Interpreter.java:370)
[22:23:59] [ERROR] !   at …rhino.InterpretedFunction.call(InterpretedFunction.java:72)
[22:23:59] [ERROR] !   at …rhino.Context.callSync(Context.java:1357)
[22:23:59] [ERROR] !   at …rhino.ArrowFunction.call(ArrowFunction.java:42)
[22:23:59] [ERROR] !   at …rhino.NativeArray.iterativeMethod(NativeArray.java:1314)
[22:23:59] [ERROR] !   at …rhino.NativeArray.execIdCall(NativeArray.java:1798)
[22:23:59] [ERROR] !   at …rhino.IdFunctionObject.call(IdFunctionObject.java:103)
[22:23:59] [ERROR] !   at …rhino.Interpreter.interpretLoop(Interpreter.java:986)
[22:23:59] [ERROR] !   at …rhino.Interpreter.interpret(Interpreter.java:370)
[22:23:59] [ERROR] !   at …rhino.InterpretedFunction.call(InterpretedFunction.java:72)
[22:23:59] [ERROR] !   at …rhino.Context.callSync(Context.java:1357)
[22:23:59] [ERROR] !   at …rhino.Context.doTopCall(Context.java:1374)
[22:23:59] [ERROR] !   at …rhino.InterpretedFunction.call(InterpretedFunction.java:70)
[22:23:59] [ERROR] !   at …rhino.Context.callSync(Context.java:1357)
[22:23:59] [ERROR] !   at …rhino.ArrowFunction.call(ArrowFunction.java:42)
[22:23:59] [ERROR] !   at …rhino.Context.callSync(Context.java:1357)
[22:23:59] [ERROR] !   at …rhino.InterfaceAdapter.invoke(InterfaceAdapter.java:125)
[22:23:59] [ERROR] !   at …rhino.VMBridge.lambda$newInterfaceProxy$0(VMBridge.java:74)
[22:23:59] [ERROR] !   at TRANSFORMER/jdk.proxy3/jdk.proxy3.$Proxy95.onEvent(Unknown Source)
[22:23:59] [ERROR] !   at …kubejs.event.EventHandlerContainer.handle(EventHandlerContainer.java:39)
[22:23:59] [ERROR] !   at …kubejs.event.EventHandler.postToHandlers(EventHandler.java:304)
[22:23:59] [ERROR] !   at …kubejs.event.EventHandler.post(EventHandler.java:272)
[22:23:59] [ERROR] !   at …kubejs.event.EventHandler.post(EventHandler.java:226)
[22:23:59] [ERROR] !   at …kubejs.event.EventHandler.post(EventHandler.java:189)
[22:23:59] [ERROR] !   at …kubejs.integration.forge.jei.JEIPlugin.onRuntimeAvailable(JEIPlugin.java:40)
[22:23:59] [ERROR] !   at mezz.jei.library.startup.JeiStarter.lambda$start$3(JeiStarter.java:158)
[22:23:59] [ERROR] !   at mezz.jei.library.load.PluginCaller.callOnPlugins(PluginCaller.java:25)
[22:23:59] [ERROR] !   at mezz.jei.library.startup.JeiStarter.start(JeiStarter.java:158)
[22:23:59] [ERROR] !   at mezz.jei.forge.startup.StartEventObserver.transitionState(StartEventObserver.java:130)
[22:23:59] [ERROR] !   at mezz.jei.forge.startup.StartEventObserver.restart(StartEventObserver.java:109)
[22:23:59] [ERROR] !   at mezz.jei.forge.startup.StartEventObserver.onEvent(StartEventObserver.java:96)
[22:23:59] [ERROR] !   at MC-BOOTSTRAP/net.minecraftforge.eventbus/net.minecraftforge.eventbus.EventBus.doCastFilter(EventBus.java:260)
[22:23:59] [ERROR] !   at MC-BOOTSTRAP/net.minecraftforge.eventbus/net.minecraftforge.eventbus.EventBus.lambda$addListener$11(EventBus.java:252)
[22:23:59] [ERROR] !   at MC-BOOTSTRAP/net.minecraftforge.eventbus/net.minecraftforge.eventbus.EventBus.post(EventBus.java:315)
[22:23:59] [ERROR] !   at MC-BOOTSTRAP/net.minecraftforge.eventbus/net.minecraftforge.eventbus.EventBus.post(EventBus.java:296)
[22:23:59] [ERROR] !   at net.minecraftforge.client.ForgeHooksClient.onRecipesUpdated(ForgeHooksClient.java:718)
[22:23:59] [ERROR] !   at net.minecraft.client.multiplayer.ClientPacketListener.m_6327_(ClientPacketListener.java:1354)
[22:23:59] [ERROR] !   at net.minecraft.network.protocol.game.ClientboundUpdateRecipesPacket.m_5797_(ClientboundUpdateRecipesPacket.java:32)
[22:23:59] [ERROR] !   at net.minecraft.network.protocol.game.ClientboundUpdateRecipesPacket.m_5797_(ClientboundUpdateRecipesPacket.java:14)
[22:23:59] [ERROR] !   at net.minecraft.network.protocol.PacketUtils.m_263899_(PacketUtils.java:22)
[22:23:59] [ERROR] !   at net.minecraft.util.thread.BlockableEventLoop.m_6367_(BlockableEventLoop.java:156)
[22:23:59] [ERROR] !   at net.minecraft.util.thread.ReentrantBlockableEventLoop.m_6367_(ReentrantBlockableEventLoop.java:23)
[22:23:59] [ERROR] !   at net.minecraft.util.thread.BlockableEventLoop.m_7245_(BlockableEventLoop.java:130)
[22:23:59] [ERROR] !   at net.minecraft.util.thread.BlockableEventLoop.m_18699_(BlockableEventLoop.java:115)
[22:23:59] [ERROR] !   at net.minecraft.client.Minecraft.m_91383_(Minecraft.java:1106)
[22:23:59] [ERROR] !   at net.minecraft.client.Minecraft.m_91374_(Minecraft.java:718)
[22:23:59] [ERROR] !   at net.minecraft.client.main.Main.main(Main.java:218)
[22:23:59] [ERROR] !   at java.lang.reflect.Method.invoke(Unknown Source)
[22:23:59] [ERROR] !   at MC-BOOTSTRAP/fmlloader@1.20.1-47.4.6/net.minecraftforge.fml.loading.targets.CommonLaunchHandler.runTarget(CommonLaunchHandler.java:111)
[22:23:59] [ERROR] !   at MC-BOOTSTRAP/fmlloader@1.20.1-47.4.6/net.minecraftforge.fml.loading.targets.CommonLaunchHandler.clientService(CommonLaunchHandler.java:99)
[22:23:59] [ERROR] !   at MC-BOOTSTRAP/fmlloader@1.20.1-47.4.6/net.minecraftforge.fml.loading.targets.CommonClientLaunchHandler.lambda$makeService$0(CommonClientLaunchHandler.java:25)
[22:23:59] [ERROR] !   at MC-BOOTSTRAP/cpw.mods.modlauncher@10.0.9/cpw.mods.modlauncher.LaunchServiceHandlerDecorator.launch(LaunchServiceHandlerDecorator.java:30)
[22:23:59] [ERROR] !   at MC-BOOTSTRAP/cpw.mods.modlauncher@10.0.9/cpw.mods.modlauncher.LaunchServiceHandler.launch(LaunchServiceHandler.java:53)
[22:23:59] [ERROR] !   at MC-BOOTSTRAP/cpw.mods.modlauncher@10.0.9/cpw.mods.modlauncher.LaunchServiceHandler.launch(LaunchServiceHandler.java:71)
[22:23:59] [ERROR] !   at MC-BOOTSTRAP/cpw.mods.modlauncher@10.0.9/cpw.mods.modlauncher.Launcher.run(Launcher.java:108)
[22:23:59] [ERROR] !   at MC-BOOTSTRAP/cpw.mods.modlauncher@10.0.9/cpw.mods.modlauncher.Launcher.main(Launcher.java:78)
[22:23:59] [ERROR] !   at MC-BOOTSTRAP/cpw.mods.modlauncher@10.0.9/cpw.mods.modlauncher.BootstrapLaunchConsumer.accept(BootstrapLaunchConsumer.java:26)
[22:23:59] [ERROR] !   at MC-BOOTSTRAP/cpw.mods.modlauncher@10.0.9/cpw.mods.modlauncher.BootstrapLaunchConsumer.accept(BootstrapLaunchConsumer.java:23)
[22:23:59] [ERROR] !   at cpw.mods.bootstraplauncher@1.1.2/cpw.mods.bootstraplauncher.BootstrapLauncher.main(BootstrapLauncher.java:141)
[22:24:32] [ERROR] ! Error in 'JEIEvents.hideItems': Non [a-z0-9/._-] character in path of location: create:xycraft_world:raw_aluminum
[22:24:32] [ERROR] ! net.minecraft.ResourceLocationException: Non [a-z0-9/._-] character in path of location: create:xycraft_world:raw_aluminum
[22:24:32] [ERROR] !   at net.minecraft.resources.ResourceLocation.m_245185_(ResourceLocation.java:242)
[22:24:32] [ERROR] !   at net.minecraft.resources.ResourceLocation.<init>(ResourceLocation.java:40)
[22:24:32] [ERROR] !   at net.minecraft.resources.ResourceLocation.<init>(ResourceLocation.java:44)
[22:24:32] [ERROR] !   at net.minecraft.resources.ResourceLocation.<init>(ResourceLocation.java:50)
[22:24:32] [ERROR] !   at …kubejs.item.ingredient.IngredientJS.parse(IngredientJS.java:145)
[22:24:32] [ERROR] !   at …kubejs.item.ingredient.IngredientJS.of(IngredientJS.java:55)
[22:24:32] [ERROR] !   at …kubejs.integration.forge.jei.HideJEIEventJS.hide(HideJEIEventJS.java:35)
[22:24:32] [ERROR] !   at java.lang.reflect.Method.invoke(Unknown Source)
[22:24:32] [ERROR] !   at …rhino.MemberBox.invoke(MemberBox.java:160)
[22:24:32] [ERROR] !   at …rhino.NativeJavaMethod.call(NativeJavaMethod.java:463)
[22:24:32] [ERROR] !   at …rhino.Interpreter.interpretLoop(Interpreter.java:986)
[22:24:32] [ERROR] !   at …rhino.Interpreter.interpret(Interpreter.java:370)
[22:24:32] [ERROR] !   at …rhino.InterpretedFunction.call(InterpretedFunction.java:72)
[22:24:32] [ERROR] !   at …rhino.Context.callSync(Context.java:1357)
[22:24:32] [ERROR] !   at …rhino.ArrowFunction.call(ArrowFunction.java:42)
[22:24:32] [ERROR] !   at …rhino.NativeArray.iterativeMethod(NativeArray.java:1314)
[22:24:32] [ERROR] !   at …rhino.NativeArray.execIdCall(NativeArray.java:1798)
[22:24:32] [ERROR] !   at …rhino.IdFunctionObject.call(IdFunctionObject.java:103)
[22:24:32] [ERROR] !   at …rhino.Interpreter.interpretLoop(Interpreter.java:986)
[22:24:32] [ERROR] !   at …rhino.Interpreter.interpret(Interpreter.java:370)
[22:24:32] [ERROR] !   at …rhino.InterpretedFunction.call(InterpretedFunction.java:72)
[22:24:32] [ERROR] !   at …rhino.Context.callSync(Context.java:1357)
[22:24:32] [ERROR] !   at …rhino.ArrowFunction.call(ArrowFunction.java:42)
[22:24:32] [ERROR] !   at …rhino.NativeArray.iterativeMethod(NativeArray.java:1314)
[22:24:32] [ERROR] !   at …rhino.NativeArray.execIdCall(NativeArray.java:1798)
[22:24:32] [ERROR] !   at …rhino.IdFunctionObject.call(IdFunctionObject.java:103)
[22:24:32] [ERROR] !   at …rhino.Interpreter.interpretLoop(Interpreter.java:986)
[22:24:32] [ERROR] !   at …rhino.Interpreter.interpret(Interpreter.java:370)
[22:24:32] [ERROR] !   at …rhino.InterpretedFunction.call(InterpretedFunction.java:72)
[22:24:32] [ERROR] !   at …rhino.Context.callSync(Context.java:1357)
[22:24:32] [ERROR] !   at …rhino.Context.doTopCall(Context.java:1374)
[22:24:32] [ERROR] !   at …rhino.InterpretedFunction.call(InterpretedFunction.java:70)
[22:24:32] [ERROR] !   at …rhino.Context.callSync(Context.java:1357)
[22:24:32] [ERROR] !   at …rhino.ArrowFunction.call(ArrowFunction.java:42)
[22:24:32] [ERROR] !   at …rhino.Context.callSync(Context.java:1357)
[22:24:32] [ERROR] !   at …rhino.InterfaceAdapter.invoke(InterfaceAdapter.java:125)
[22:24:32] [ERROR] !   at …rhino.VMBridge.lambda$newInterfaceProxy$0(VMBridge.java:74)
[22:24:32] [ERROR] !   at TRANSFORMER/jdk.proxy3/jdk.proxy3.$Proxy95.onEvent(Unknown Source)
[22:24:32] [ERROR] !   at …kubejs.event.EventHandlerContainer.handle(EventHandlerContainer.java:39)
[22:24:32] [ERROR] !   at …kubejs.event.EventHandler.postToHandlers(EventHandler.java:304)
[22:24:32] [ERROR] !   at …kubejs.event.EventHandler.post(EventHandler.java:272)
[22:24:32] [ERROR] !   at …kubejs.event.EventHandler.post(EventHandler.java:226)
[22:24:32] [ERROR] !   at …kubejs.event.EventHandler.post(EventHandler.java:189)
[22:24:32] [ERROR] !   at …kubejs.integration.forge.jei.JEIPlugin.onRuntimeAvailable(JEIPlugin.java:40)
[22:24:32] [ERROR] !   at mezz.jei.library.startup.JeiStarter.lambda$start$3(JeiStarter.java:158)
[22:24:32] [ERROR] !   at mezz.jei.library.load.PluginCaller.callOnPlugins(PluginCaller.java:25)
[22:24:32] [ERROR] !   at mezz.jei.library.startup.JeiStarter.start(JeiStarter.java:158)
[22:24:32] [ERROR] !   at mezz.jei.forge.startup.StartEventObserver.transitionState(StartEventObserver.java:130)
[22:24:32] [ERROR] !   at mezz.jei.forge.startup.StartEventObserver.restart(StartEventObserver.java:109)
[22:24:32] [ERROR] !   at mezz.jei.forge.startup.StartEventObserver.onEvent(StartEventObserver.java:96)
[22:24:32] [ERROR] !   at MC-BOOTSTRAP/net.minecraftforge.eventbus/net.minecraftforge.eventbus.EventBus.doCastFilter(EventBus.java:260)
[22:24:32] [ERROR] !   at MC-BOOTSTRAP/net.minecraftforge.eventbus/net.minecraftforge.eventbus.EventBus.lambda$addListener$11(EventBus.java:252)
[22:24:32] [ERROR] !   at MC-BOOTSTRAP/net.minecraftforge.eventbus/net.minecraftforge.eventbus.EventBus.post(EventBus.java:315)
[22:24:32] [ERROR] !   at MC-BOOTSTRAP/net.minecraftforge.eventbus/net.minecraftforge.eventbus.EventBus.post(EventBus.java:296)
[22:24:32] [ERROR] !   at net.minecraftforge.client.ForgeHooksClient.onRecipesUpdated(ForgeHooksClient.java:718)
[22:24:32] [ERROR] !   at net.minecraft.client.multiplayer.ClientPacketListener.m_6327_(ClientPacketListener.java:1354)
[22:24:32] [ERROR] !   at net.minecraft.network.protocol.game.ClientboundUpdateRecipesPacket.m_5797_(ClientboundUpdateRecipesPacket.java:32)
[22:24:32] [ERROR] !   at net.minecraft.network.protocol.game.ClientboundUpdateRecipesPacket.m_5797_(ClientboundUpdateRecipesPacket.java:14)
[22:24:32] [ERROR] !   at net.minecraft.network.protocol.PacketUtils.m_263899_(PacketUtils.java:22)
[22:24:32] [ERROR] !   at net.minecraft.util.thread.BlockableEventLoop.m_6367_(BlockableEventLoop.java:156)
[22:24:32] [ERROR] !   at net.minecraft.util.thread.ReentrantBlockableEventLoop.m_6367_(ReentrantBlockableEventLoop.java:23)
[22:24:32] [ERROR] !   at net.minecraft.util.thread.BlockableEventLoop.m_7245_(BlockableEventLoop.java:130)
[22:24:32] [ERROR] !   at net.minecraft.util.thread.BlockableEventLoop.m_18699_(BlockableEventLoop.java:115)
[22:24:32] [ERROR] !   at net.minecraft.client.Minecraft.m_91383_(Minecraft.java:1106)
[22:24:32] [ERROR] !   at net.minecraft.client.Minecraft.m_91374_(Minecraft.java:718)
[22:24:32] [ERROR] !   at net.minecraft.client.main.Main.main(Main.java:218)
[22:24:32] [ERROR] !   at java.lang.reflect.Method.invoke(Unknown Source)
[22:24:32] [ERROR] !   at MC-BOOTSTRAP/fmlloader@1.20.1-47.4.6/net.minecraftforge.fml.loading.targets.CommonLaunchHandler.runTarget(CommonLaunchHandler.java:111)
[22:24:32] [ERROR] !   at MC-BOOTSTRAP/fmlloader@1.20.1-47.4.6/net.minecraftforge.fml.loading.targets.CommonLaunchHandler.clientService(CommonLaunchHandler.java:99)
[22:24:32] [ERROR] !   at MC-BOOTSTRAP/fmlloader@1.20.1-47.4.6/net.minecraftforge.fml.loading.targets.CommonClientLaunchHandler.lambda$makeService$0(CommonClientLaunchHandler.java:25)
[22:24:32] [ERROR] !   at MC-BOOTSTRAP/cpw.mods.modlauncher@10.0.9/cpw.mods.modlauncher.LaunchServiceHandlerDecorator.launch(LaunchServiceHandlerDecorator.java:30)
[22:24:32] [ERROR] !   at MC-BOOTSTRAP/cpw.mods.modlauncher@10.0.9/cpw.mods.modlauncher.LaunchServiceHandler.launch(LaunchServiceHandler.java:53)
[22:24:32] [ERROR] !   at MC-BOOTSTRAP/cpw.mods.modlauncher@10.0.9/cpw.mods.modlauncher.LaunchServiceHandler.launch(LaunchServiceHandler.java:71)
[22:24:32] [ERROR] !   at MC-BOOTSTRAP/cpw.mods.modlauncher@10.0.9/cpw.mods.modlauncher.Launcher.run(Launcher.java:108)
[22:24:32] [ERROR] !   at MC-BOOTSTRAP/cpw.mods.modlauncher@10.0.9/cpw.mods.modlauncher.Launcher.main(Launcher.java:78)
[22:24:32] [ERROR] !   at MC-BOOTSTRAP/cpw.mods.modlauncher@10.0.9/cpw.mods.modlauncher.BootstrapLaunchConsumer.accept(BootstrapLaunchConsumer.java:26)
[22:24:32] [ERROR] !   at MC-BOOTSTRAP/cpw.mods.modlauncher@10.0.9/cpw.mods.modlauncher.BootstrapLaunchConsumer.accept(BootstrapLaunchConsumer.java:23)
[22:24:32] [ERROR] !   at cpw.mods.bootstraplauncher@1.1.2/cpw.mods.bootstraplauncher.BootstrapLauncher.main(BootstrapLauncher.java:141)
[22:25:47] [ERROR] ! Error in 'JEIEvents.hideItems': Non [a-z0-9/._-] character in path of location: create:xycraft_world:raw_aluminum
[22:25:47] [ERROR] ! net.minecraft.ResourceLocationException: Non [a-z0-9/._-] character in path of location: create:xycraft_world:raw_aluminum
[22:25:47] [ERROR] !   at net.minecraft.resources.ResourceLocation.m_245185_(ResourceLocation.java:242)
[22:25:47] [ERROR] !   at net.minecraft.resources.ResourceLocation.<init>(ResourceLocation.java:40)
[22:25:47] [ERROR] !   at net.minecraft.resources.ResourceLocation.<init>(ResourceLocation.java:44)
[22:25:47] [ERROR] !   at net.minecraft.resources.ResourceLocation.<init>(ResourceLocation.java:50)
[22:25:47] [ERROR] !   at …kubejs.item.ingredient.IngredientJS.parse(IngredientJS.java:145)
[22:25:47] [ERROR] !   at …kubejs.item.ingredient.IngredientJS.of(IngredientJS.java:55)
[22:25:47] [ERROR] !   at …kubejs.integration.forge.jei.HideJEIEventJS.hide(HideJEIEventJS.java:35)
[22:25:47] [ERROR] !   at java.lang.reflect.Method.invoke(Unknown Source)
[22:25:47] [ERROR] !   at …rhino.MemberBox.invoke(MemberBox.java:160)
[22:25:47] [ERROR] !   at …rhino.NativeJavaMethod.call(NativeJavaMethod.java:463)
[22:25:47] [ERROR] !   at …rhino.Interpreter.interpretLoop(Interpreter.java:986)
[22:25:47] [ERROR] !   at …rhino.Interpreter.interpret(Interpreter.java:370)
[22:25:47] [ERROR] !   at …rhino.InterpretedFunction.call(InterpretedFunction.java:72)
[22:25:47] [ERROR] !   at …rhino.Context.callSync(Context.java:1357)
[22:25:47] [ERROR] !   at …rhino.ArrowFunction.call(ArrowFunction.java:42)
[22:25:47] [ERROR] !   at …rhino.NativeArray.iterativeMethod(NativeArray.java:1314)
[22:25:47] [ERROR] !   at …rhino.NativeArray.execIdCall(NativeArray.java:1798)
[22:25:47] [ERROR] !   at …rhino.IdFunctionObject.call(IdFunctionObject.java:103)
[22:25:47] [ERROR] !   at …rhino.Interpreter.interpretLoop(Interpreter.java:986)
[22:25:47] [ERROR] !   at …rhino.Interpreter.interpret(Interpreter.java:370)
[22:25:47] [ERROR] !   at …rhino.InterpretedFunction.call(InterpretedFunction.java:72)
[22:25:47] [ERROR] !   at …rhino.Context.callSync(Context.java:1357)
[22:25:47] [ERROR] !   at …rhino.ArrowFunction.call(ArrowFunction.java:42)
[22:25:47] [ERROR] !   at …rhino.NativeArray.iterativeMethod(NativeArray.java:1314)
[22:25:47] [ERROR] !   at …rhino.NativeArray.execIdCall(NativeArray.java:1798)
[22:25:47] [ERROR] !   at …rhino.IdFunctionObject.call(IdFunctionObject.java:103)
[22:25:47] [ERROR] !   at …rhino.Interpreter.interpretLoop(Interpreter.java:986)
[22:25:47] [ERROR] !   at …rhino.Interpreter.interpret(Interpreter.java:370)
[22:25:47] [ERROR] !   at …rhino.InterpretedFunction.call(InterpretedFunction.java:72)
[22:25:47] [ERROR] !   at …rhino.Context.callSync(Context.java:1357)
[22:25:47] [ERROR] !   at …rhino.Context.doTopCall(Context.java:1374)
[22:25:47] [ERROR] !   at …rhino.InterpretedFunction.call(InterpretedFunction.java:70)
[22:25:47] [ERROR] !   at …rhino.Context.callSync(Context.java:1357)
[22:25:47] [ERROR] !   at …rhino.ArrowFunction.call(ArrowFunction.java:42)
[22:25:47] [ERROR] !   at …rhino.Context.callSync(Context.java:1357)
[22:25:47] [ERROR] !   at …rhino.InterfaceAdapter.invoke(InterfaceAdapter.java:125)
[22:25:47] [ERROR] !   at …rhino.VMBridge.lambda$newInterfaceProxy$0(VMBridge.java:74)
[22:25:47] [ERROR] !   at TRANSFORMER/jdk.proxy3/jdk.proxy3.$Proxy95.onEvent(Unknown Source)
[22:25:47] [ERROR] !   at …kubejs.event.EventHandlerContainer.handle(EventHandlerContainer.java:39)
[22:25:47] [ERROR] !   at …kubejs.event.EventHandler.postToHandlers(EventHandler.java:304)
[22:25:47] [ERROR] !   at …kubejs.event.EventHandler.post(EventHandler.java:272)
[22:25:47] [ERROR] !   at …kubejs.event.EventHandler.post(EventHandler.java:226)
[22:25:47] [ERROR] !   at …kubejs.event.EventHandler.post(EventHandler.java:189)
[22:25:47] [ERROR] !   at …kubejs.integration.forge.jei.JEIPlugin.onRuntimeAvailable(JEIPlugin.java:40)
[22:25:47] [ERROR] !   at mezz.jei.library.startup.JeiStarter.lambda$start$3(JeiStarter.java:158)
[22:25:47] [ERROR] !   at mezz.jei.library.load.PluginCaller.callOnPlugins(PluginCaller.java:25)
[22:25:47] [ERROR] !   at mezz.jei.library.startup.JeiStarter.start(JeiStarter.java:158)
[22:25:47] [ERROR] !   at mezz.jei.forge.startup.StartEventObserver.transitionState(StartEventObserver.java:130)
[22:25:47] [ERROR] !   at mezz.jei.forge.startup.StartEventObserver.restart(StartEventObserver.java:109)
[22:25:47] [ERROR] !   at mezz.jei.forge.startup.StartEventObserver.onEvent(StartEventObserver.java:96)
[22:25:47] [ERROR] !   at MC-BOOTSTRAP/net.minecraftforge.eventbus/net.minecraftforge.eventbus.EventBus.doCastFilter(EventBus.java:260)
[22:25:47] [ERROR] !   at MC-BOOTSTRAP/net.minecraftforge.eventbus/net.minecraftforge.eventbus.EventBus.lambda$addListener$11(EventBus.java:252)
[22:25:47] [ERROR] !   at MC-BOOTSTRAP/net.minecraftforge.eventbus/net.minecraftforge.eventbus.EventBus.post(EventBus.java:315)
[22:25:47] [ERROR] !   at MC-BOOTSTRAP/net.minecraftforge.eventbus/net.minecraftforge.eventbus.EventBus.post(EventBus.java:296)
[22:25:47] [ERROR] !   at net.minecraftforge.client.ForgeHooksClient.onRecipesUpdated(ForgeHooksClient.java:718)
[22:25:47] [ERROR] !   at net.minecraft.client.multiplayer.ClientPacketListener.m_6327_(ClientPacketListener.java:1354)
[22:25:47] [ERROR] !   at net.minecraft.network.protocol.game.ClientboundUpdateRecipesPacket.m_5797_(ClientboundUpdateRecipesPacket.java:32)
[22:25:47] [ERROR] !   at net.minecraft.network.protocol.game.ClientboundUpdateRecipesPacket.m_5797_(ClientboundUpdateRecipesPacket.java:14)
[22:25:47] [ERROR] !   at net.minecraft.network.protocol.PacketUtils.m_263899_(PacketUtils.java:22)
[22:25:47] [ERROR] !   at net.minecraft.util.thread.BlockableEventLoop.m_6367_(BlockableEventLoop.java:156)
[22:25:47] [ERROR] !   at net.minecraft.util.thread.ReentrantBlockableEventLoop.m_6367_(ReentrantBlockableEventLoop.java:23)
[22:25:47] [ERROR] !   at net.minecraft.util.thread.BlockableEventLoop.m_7245_(BlockableEventLoop.java:130)
[22:25:47] [ERROR] !   at net.minecraft.util.thread.BlockableEventLoop.m_18699_(BlockableEventLoop.java:115)
[22:25:47] [ERROR] !   at net.minecraft.client.Minecraft.m_91383_(Minecraft.java:1106)
[22:25:47] [ERROR] !   at net.minecraft.client.Minecraft.m_91374_(Minecraft.java:718)
[22:25:47] [ERROR] !   at net.minecraft.client.main.Main.main(Main.java:218)
[22:25:47] [ERROR] !   at java.lang.reflect.Method.invoke(Unknown Source)
[22:25:47] [ERROR] !   at MC-BOOTSTRAP/fmlloader@1.20.1-47.4.6/net.minecraftforge.fml.loading.targets.CommonLaunchHandler.runTarget(CommonLaunchHandler.java:111)
[22:25:47] [ERROR] !   at MC-BOOTSTRAP/fmlloader@1.20.1-47.4.6/net.minecraftforge.fml.loading.targets.CommonLaunchHandler.clientService(CommonLaunchHandler.java:99)
[22:25:47] [ERROR] !   at MC-BOOTSTRAP/fmlloader@1.20.1-47.4.6/net.minecraftforge.fml.loading.targets.CommonClientLaunchHandler.lambda$makeService$0(CommonClientLaunchHandler.java:25)
[22:25:47] [ERROR] !   at MC-BOOTSTRAP/cpw.mods.modlauncher@10.0.9/cpw.mods.modlauncher.LaunchServiceHandlerDecorator.launch(LaunchServiceHandlerDecorator.java:30)
[22:25:47] [ERROR] !   at MC-BOOTSTRAP/cpw.mods.modlauncher@10.0.9/cpw.mods.modlauncher.LaunchServiceHandler.launch(LaunchServiceHandler.java:53)
[22:25:47] [ERROR] !   at MC-BOOTSTRAP/cpw.mods.modlauncher@10.0.9/cpw.mods.modlauncher.LaunchServiceHandler.launch(LaunchServiceHandler.java:71)
[22:25:47] [ERROR] !   at MC-BOOTSTRAP/cpw.mods.modlauncher@10.0.9/cpw.mods.modlauncher.Launcher.run(Launcher.java:108)
[22:25:47] [ERROR] !   at MC-BOOTSTRAP/cpw.mods.modlauncher@10.0.9/cpw.mods.modlauncher.Launcher.main(Launcher.java:78)
[22:25:47] [ERROR] !   at MC-BOOTSTRAP/cpw.mods.modlauncher@10.0.9/cpw.mods.modlauncher.BootstrapLaunchConsumer.accept(BootstrapLaunchConsumer.java:26)
[22:25:47] [ERROR] !   at MC-BOOTSTRAP/cpw.mods.modlauncher@10.0.9/cpw.mods.modlauncher.BootstrapLaunchConsumer.accept(BootstrapLaunchConsumer.java:23)
[22:25:47] [ERROR] !   at cpw.mods.bootstraplauncher@1.1.2/cpw.mods.bootstraplauncher.BootstrapLauncher.main(BootstrapLauncher.java:141)
[22:33:57] [ERROR] ! Error in 'JEIEvents.hideItems': Non [a-z0-9/._-] character in path of location: create:xycraft_world:raw_aluminum
[22:33:57] [ERROR] ! net.minecraft.ResourceLocationException: Non [a-z0-9/._-] character in path of location: create:xycraft_world:raw_aluminum
[22:33:57] [ERROR] !   at net.minecraft.resources.ResourceLocation.m_245185_(ResourceLocation.java:242)
[22:33:57] [ERROR] !   at net.minecraft.resources.ResourceLocation.<init>(ResourceLocation.java:40)
[22:33:57] [ERROR] !   at net.minecraft.resources.ResourceLocation.<init>(ResourceLocation.java:44)
[22:33:57] [ERROR] !   at net.minecraft.resources.ResourceLocation.<init>(ResourceLocation.java:50)
[22:33:57] [ERROR] !   at …kubejs.item.ingredient.IngredientJS.parse(IngredientJS.java:145)
[22:33:57] [ERROR] !   at …kubejs.item.ingredient.IngredientJS.of(IngredientJS.java:55)
[22:33:57] [ERROR] !   at …kubejs.integration.forge.jei.HideJEIEventJS.hide(HideJEIEventJS.java:35)
[22:33:57] [ERROR] !   at java.lang.reflect.Method.invoke(Unknown Source)
[22:33:57] [ERROR] !   at …rhino.MemberBox.invoke(MemberBox.java:160)
[22:33:57] [ERROR] !   at …rhino.NativeJavaMethod.call(NativeJavaMethod.java:463)
[22:33:57] [ERROR] !   at …rhino.Interpreter.interpretLoop(Interpreter.java:986)
[22:33:57] [ERROR] !   at …rhino.Interpreter.interpret(Interpreter.java:370)
[22:33:57] [ERROR] !   at …rhino.InterpretedFunction.call(InterpretedFunction.java:72)
[22:33:57] [ERROR] !   at …rhino.Context.callSync(Context.java:1357)
[22:33:57] [ERROR] !   at …rhino.ArrowFunction.call(ArrowFunction.java:42)
[22:33:57] [ERROR] !   at …rhino.NativeArray.iterativeMethod(NativeArray.java:1314)
[22:33:57] [ERROR] !   at …rhino.NativeArray.execIdCall(NativeArray.java:1798)
[22:33:57] [ERROR] !   at …rhino.IdFunctionObject.call(IdFunctionObject.java:103)
[22:33:57] [ERROR] !   at …rhino.Interpreter.interpretLoop(Interpreter.java:986)
[22:33:57] [ERROR] !   at …rhino.Interpreter.interpret(Interpreter.java:370)
[22:33:57] [ERROR] !   at …rhino.InterpretedFunction.call(InterpretedFunction.java:72)
[22:33:57] [ERROR] !   at …rhino.Context.callSync(Context.java:1357)
[22:33:57] [ERROR] !   at …rhino.ArrowFunction.call(ArrowFunction.java:42)
[22:33:57] [ERROR] !   at …rhino.NativeArray.iterativeMethod(NativeArray.java:1314)
[22:33:57] [ERROR] !   at …rhino.NativeArray.execIdCall(NativeArray.java:1798)
[22:33:57] [ERROR] !   at …rhino.IdFunctionObject.call(IdFunctionObject.java:103)
[22:33:57] [ERROR] !   at …rhino.Interpreter.interpretLoop(Interpreter.java:986)
[22:33:57] [ERROR] !   at …rhino.Interpreter.interpret(Interpreter.java:370)
[22:33:57] [ERROR] !   at …rhino.InterpretedFunction.call(InterpretedFunction.java:72)
[22:33:57] [ERROR] !   at …rhino.Context.callSync(Context.java:1357)
[22:33:57] [ERROR] !   at …rhino.Context.doTopCall(Context.java:1374)
[22:33:57] [ERROR] !   at …rhino.InterpretedFunction.call(InterpretedFunction.java:70)
[22:33:57] [ERROR] !   at …rhino.Context.callSync(Context.java:1357)
[22:33:57] [ERROR] !   at …rhino.ArrowFunction.call(ArrowFunction.java:42)
[22:33:57] [ERROR] !   at …rhino.Context.callSync(Context.java:1357)
[22:33:57] [ERROR] !   at …rhino.InterfaceAdapter.invoke(InterfaceAdapter.java:125)
[22:33:57] [ERROR] !   at …rhino.VMBridge.lambda$newInterfaceProxy$0(VMBridge.java:74)
[22:33:57] [ERROR] !   at TRANSFORMER/jdk.proxy3/jdk.proxy3.$Proxy95.onEvent(Unknown Source)
[22:33:57] [ERROR] !   at …kubejs.event.EventHandlerContainer.handle(EventHandlerContainer.java:39)
[22:33:57] [ERROR] !   at …kubejs.event.EventHandler.postToHandlers(EventHandler.java:304)
[22:33:57] [ERROR] !   at …kubejs.event.EventHandler.post(EventHandler.java:272)
[22:33:57] [ERROR] !   at …kubejs.event.EventHandler.post(EventHandler.java:226)
[22:33:57] [ERROR] !   at …kubejs.event.EventHandler.post(EventHandler.java:189)
[22:33:57] [ERROR] !   at …kubejs.integration.forge.jei.JEIPlugin.onRuntimeAvailable(JEIPlugin.java:40)
[22:33:57] [ERROR] !   at mezz.jei.library.startup.JeiStarter.lambda$start$3(JeiStarter.java:158)
[22:33:57] [ERROR] !   at mezz.jei.library.load.PluginCaller.callOnPlugins(PluginCaller.java:25)
[22:33:57] [ERROR] !   at mezz.jei.library.startup.JeiStarter.start(JeiStarter.java:158)
[22:33:57] [ERROR] !   at mezz.jei.forge.startup.StartEventObserver.transitionState(StartEventObserver.java:130)
[22:33:57] [ERROR] !   at mezz.jei.forge.startup.StartEventObserver.restart(StartEventObserver.java:109)
[22:33:57] [ERROR] !   at mezz.jei.forge.startup.StartEventObserver.onEvent(StartEventObserver.java:96)
[22:33:57] [ERROR] !   at MC-BOOTSTRAP/net.minecraftforge.eventbus/net.minecraftforge.eventbus.EventBus.doCastFilter(EventBus.java:260)
[22:33:57] [ERROR] !   at MC-BOOTSTRAP/net.minecraftforge.eventbus/net.minecraftforge.eventbus.EventBus.lambda$addListener$11(EventBus.java:252)
[22:33:57] [ERROR] !   at MC-BOOTSTRAP/net.minecraftforge.eventbus/net.minecraftforge.eventbus.EventBus.post(EventBus.java:315)
[22:33:57] [ERROR] !   at MC-BOOTSTRAP/net.minecraftforge.eventbus/net.minecraftforge.eventbus.EventBus.post(EventBus.java:296)
[22:33:57] [ERROR] !   at net.minecraftforge.client.ForgeHooksClient.onRecipesUpdated(ForgeHooksClient.java:718)
[22:33:57] [ERROR] !   at net.minecraft.client.multiplayer.ClientPacketListener.m_6327_(ClientPacketListener.java:1354)
[22:33:57] [ERROR] !   at net.minecraft.network.protocol.game.ClientboundUpdateRecipesPacket.m_5797_(ClientboundUpdateRecipesPacket.java:32)
[22:33:57] [ERROR] !   at net.minecraft.network.protocol.game.ClientboundUpdateRecipesPacket.m_5797_(ClientboundUpdateRecipesPacket.java:14)
[22:33:57] [ERROR] !   at net.minecraft.network.protocol.PacketUtils.m_263899_(PacketUtils.java:22)
[22:33:57] [ERROR] !   at net.minecraft.util.thread.BlockableEventLoop.m_6367_(BlockableEventLoop.java:156)
[22:33:57] [ERROR] !   at net.minecraft.util.thread.ReentrantBlockableEventLoop.m_6367_(ReentrantBlockableEventLoop.java:23)
[22:33:57] [ERROR] !   at net.minecraft.util.thread.BlockableEventLoop.m_7245_(BlockableEventLoop.java:130)
[22:33:57] [ERROR] !   at net.minecraft.util.thread.BlockableEventLoop.m_18699_(BlockableEventLoop.java:115)
[22:33:57] [ERROR] !   at net.minecraft.client.Minecraft.m_91383_(Minecraft.java:1106)
[22:33:57] [ERROR] !   at net.minecraft.client.Minecraft.m_91374_(Minecraft.java:718)
[22:33:57] [ERROR] !   at net.minecraft.client.main.Main.main(Main.java:218)
[22:33:57] [ERROR] !   at java.lang.reflect.Method.invoke(Unknown Source)
[22:33:57] [ERROR] !   at MC-BOOTSTRAP/fmlloader@1.20.1-47.4.6/net.minecraftforge.fml.loading.targets.CommonLaunchHandler.runTarget(CommonLaunchHandler.java:111)
[22:33:57] [ERROR] !   at MC-BOOTSTRAP/fmlloader@1.20.1-47.4.6/net.minecraftforge.fml.loading.targets.CommonLaunchHandler.clientService(CommonLaunchHandler.java:99)
[22:33:57] [ERROR] !   at MC-BOOTSTRAP/fmlloader@1.20.1-47.4.6/net.minecraftforge.fml.loading.targets.CommonClientLaunchHandler.lambda$makeService$0(CommonClientLaunchHandler.java:25)
[22:33:57] [ERROR] !   at MC-BOOTSTRAP/cpw.mods.modlauncher@10.0.9/cpw.mods.modlauncher.LaunchServiceHandlerDecorator.launch(LaunchServiceHandlerDecorator.java:30)
[22:33:57] [ERROR] !   at MC-BOOTSTRAP/cpw.mods.modlauncher@10.0.9/cpw.mods.modlauncher.LaunchServiceHandler.launch(LaunchServiceHandler.java:53)
[22:33:57] [ERROR] !   at MC-BOOTSTRAP/cpw.mods.modlauncher@10.0.9/cpw.mods.modlauncher.LaunchServiceHandler.launch(LaunchServiceHandler.java:71)
[22:33:57] [ERROR] !   at MC-BOOTSTRAP/cpw.mods.modlauncher@10.0.9/cpw.mods.modlauncher.Launcher.run(Launcher.java:108)
[22:33:57] [ERROR] !   at MC-BOOTSTRAP/cpw.mods.modlauncher@10.0.9/cpw.mods.modlauncher.Launcher.main(Launcher.java:78)
[22:33:57] [ERROR] !   at MC-BOOTSTRAP/cpw.mods.modlauncher@10.0.9/cpw.mods.modlauncher.BootstrapLaunchConsumer.accept(BootstrapLaunchConsumer.java:26)
[22:33:57] [ERROR] !   at MC-BOOTSTRAP/cpw.mods.modlauncher@10.0.9/cpw.mods.modlauncher.BootstrapLaunchConsumer.accept(BootstrapLaunchConsumer.java:23)
[22:33:57] [ERROR] !   at cpw.mods.bootstraplauncher@1.1.2/cpw.mods.bootstraplauncher.BootstrapLauncher.main(BootstrapLauncher.java:141)
[22:35:26] [ERROR] ! Error in 'JEIEvents.hideItems': Non [a-z0-9/._-] character in path of location: create:xycraft_world:raw_aluminum
[22:35:26] [ERROR] ! net.minecraft.ResourceLocationException: Non [a-z0-9/._-] character in path of location: create:xycraft_world:raw_aluminum
[22:35:26] [ERROR] !   at net.minecraft.resources.ResourceLocation.m_245185_(ResourceLocation.java:242)
[22:35:26] [ERROR] !   at net.minecraft.resources.ResourceLocation.<init>(ResourceLocation.java:40)
[22:35:26] [ERROR] !   at net.minecraft.resources.ResourceLocation.<init>(ResourceLocation.java:44)
[22:35:26] [ERROR] !   at net.minecraft.resources.ResourceLocation.<init>(ResourceLocation.java:50)
[22:35:26] [ERROR] !   at …kubejs.item.ingredient.IngredientJS.parse(IngredientJS.java:145)
[22:35:26] [ERROR] !   at …kubejs.item.ingredient.IngredientJS.of(IngredientJS.java:55)
[22:35:26] [ERROR] !   at …kubejs.integration.forge.jei.HideJEIEventJS.hide(HideJEIEventJS.java:35)
[22:35:26] [ERROR] !   at java.lang.reflect.Method.invoke(Unknown Source)
[22:35:26] [ERROR] !   at …rhino.MemberBox.invoke(MemberBox.java:160)
[22:35:26] [ERROR] !   at …rhino.NativeJavaMethod.call(NativeJavaMethod.java:463)
[22:35:26] [ERROR] !   at …rhino.Interpreter.interpretLoop(Interpreter.java:986)
[22:35:26] [ERROR] !   at …rhino.Interpreter.interpret(Interpreter.java:370)
[22:35:26] [ERROR] !   at …rhino.InterpretedFunction.call(InterpretedFunction.java:72)
[22:35:26] [ERROR] !   at …rhino.Context.callSync(Context.java:1357)
[22:35:26] [ERROR] !   at …rhino.ArrowFunction.call(ArrowFunction.java:42)
[22:35:26] [ERROR] !   at …rhino.NativeArray.iterativeMethod(NativeArray.java:1314)
[22:35:26] [ERROR] !   at …rhino.NativeArray.execIdCall(NativeArray.java:1798)
[22:35:26] [ERROR] !   at …rhino.IdFunctionObject.call(IdFunctionObject.java:103)
[22:35:26] [ERROR] !   at …rhino.Interpreter.interpretLoop(Interpreter.java:986)
[22:35:26] [ERROR] !   at …rhino.Interpreter.interpret(Interpreter.java:370)
[22:35:26] [ERROR] !   at …rhino.InterpretedFunction.call(InterpretedFunction.java:72)
[22:35:26] [ERROR] !   at …rhino.Context.callSync(Context.java:1357)
[22:35:26] [ERROR] !   at …rhino.ArrowFunction.call(ArrowFunction.java:42)
[22:35:26] [ERROR] !   at …rhino.NativeArray.iterativeMethod(NativeArray.java:1314)
[22:35:26] [ERROR] !   at …rhino.NativeArray.execIdCall(NativeArray.java:1798)
[22:35:26] [ERROR] !   at …rhino.IdFunctionObject.call(IdFunctionObject.java:103)
[22:35:26] [ERROR] !   at …rhino.Interpreter.interpretLoop(Interpreter.java:986)
[22:35:26] [ERROR] !   at …rhino.Interpreter.interpret(Interpreter.java:370)
[22:35:26] [ERROR] !   at …rhino.InterpretedFunction.call(InterpretedFunction.java:72)
[22:35:26] [ERROR] !   at …rhino.Context.callSync(Context.java:1357)
[22:35:26] [ERROR] !   at …rhino.Context.doTopCall(Context.java:1374)
[22:35:26] [ERROR] !   at …rhino.InterpretedFunction.call(InterpretedFunction.java:70)
[22:35:26] [ERROR] !   at …rhino.Context.callSync(Context.java:1357)
[22:35:26] [ERROR] !   at …rhino.ArrowFunction.call(ArrowFunction.java:42)
[22:35:26] [ERROR] !   at …rhino.Context.callSync(Context.java:1357)
[22:35:26] [ERROR] !   at …rhino.InterfaceAdapter.invoke(InterfaceAdapter.java:125)
[22:35:26] [ERROR] !   at …rhino.VMBridge.lambda$newInterfaceProxy$0(VMBridge.java:74)
[22:35:26] [ERROR] !   at TRANSFORMER/jdk.proxy3/jdk.proxy3.$Proxy95.onEvent(Unknown Source)
[22:35:26] [ERROR] !   at …kubejs.event.EventHandlerContainer.handle(EventHandlerContainer.java:39)
[22:35:26] [ERROR] !   at …kubejs.event.EventHandler.postToHandlers(EventHandler.java:304)
[22:35:26] [ERROR] !   at …kubejs.event.EventHandler.post(EventHandler.java:272)
[22:35:26] [ERROR] !   at …kubejs.event.EventHandler.post(EventHandler.java:226)
[22:35:26] [ERROR] !   at …kubejs.event.EventHandler.post(EventHandler.java:189)
[22:35:26] [ERROR] !   at …kubejs.integration.forge.jei.JEIPlugin.onRuntimeAvailable(JEIPlugin.java:40)
[22:35:26] [ERROR] !   at mezz.jei.library.startup.JeiStarter.lambda$start$3(JeiStarter.java:158)
[22:35:26] [ERROR] !   at mezz.jei.library.load.PluginCaller.callOnPlugins(PluginCaller.java:25)
[22:35:26] [ERROR] !   at mezz.jei.library.startup.JeiStarter.start(JeiStarter.java:158)
[22:35:26] [ERROR] !   at mezz.jei.forge.startup.StartEventObserver.transitionState(StartEventObserver.java:130)
[22:35:26] [ERROR] !   at mezz.jei.forge.startup.StartEventObserver.restart(StartEventObserver.java:109)
[22:35:26] [ERROR] !   at mezz.jei.forge.startup.StartEventObserver.onEvent(StartEventObserver.java:96)
[22:35:26] [ERROR] !   at MC-BOOTSTRAP/net.minecraftforge.eventbus/net.minecraftforge.eventbus.EventBus.doCastFilter(EventBus.java:260)
[22:35:26] [ERROR] !   at MC-BOOTSTRAP/net.minecraftforge.eventbus/net.minecraftforge.eventbus.EventBus.lambda$addListener$11(EventBus.java:252)
[22:35:26] [ERROR] !   at MC-BOOTSTRAP/net.minecraftforge.eventbus/net.minecraftforge.eventbus.EventBus.post(EventBus.java:315)
[22:35:26] [ERROR] !   at MC-BOOTSTRAP/net.minecraftforge.eventbus/net.minecraftforge.eventbus.EventBus.post(EventBus.java:296)
[22:35:26] [ERROR] !   at net.minecraftforge.client.ForgeHooksClient.onRecipesUpdated(ForgeHooksClient.java:718)
[22:35:26] [ERROR] !   at net.minecraft.client.multiplayer.ClientPacketListener.m_6327_(ClientPacketListener.java:1354)
[22:35:26] [ERROR] !   at net.minecraft.network.protocol.game.ClientboundUpdateRecipesPacket.m_5797_(ClientboundUpdateRecipesPacket.java:32)
[22:35:26] [ERROR] !   at net.minecraft.network.protocol.game.ClientboundUpdateRecipesPacket.m_5797_(ClientboundUpdateRecipesPacket.java:14)
[22:35:26] [ERROR] !   at net.minecraft.network.protocol.PacketUtils.m_263899_(PacketUtils.java:22)
[22:35:26] [ERROR] !   at net.minecraft.util.thread.BlockableEventLoop.m_6367_(BlockableEventLoop.java:156)
[22:35:26] [ERROR] !   at net.minecraft.util.thread.ReentrantBlockableEventLoop.m_6367_(ReentrantBlockableEventLoop.java:23)
[22:35:26] [ERROR] !   at net.minecraft.util.thread.BlockableEventLoop.m_7245_(BlockableEventLoop.java:130)
[22:35:26] [ERROR] !   at net.minecraft.util.thread.BlockableEventLoop.m_18699_(BlockableEventLoop.java:115)
[22:35:26] [ERROR] !   at net.minecraft.client.Minecraft.m_91383_(Minecraft.java:1106)
[22:35:26] [ERROR] !   at net.minecraft.client.Minecraft.m_91374_(Minecraft.java:718)
[22:35:26] [ERROR] !   at net.minecraft.client.main.Main.main(Main.java:218)
[22:35:26] [ERROR] !   at java.lang.reflect.Method.invoke(Unknown Source)
[22:35:26] [ERROR] !   at MC-BOOTSTRAP/fmlloader@1.20.1-47.4.6/net.minecraftforge.fml.loading.targets.CommonLaunchHandler.runTarget(CommonLaunchHandler.java:111)
[22:35:26] [ERROR] !   at MC-BOOTSTRAP/fmlloader@1.20.1-47.4.6/net.minecraftforge.fml.loading.targets.CommonLaunchHandler.clientService(CommonLaunchHandler.java:99)
[22:35:26] [ERROR] !   at MC-BOOTSTRAP/fmlloader@1.20.1-47.4.6/net.minecraftforge.fml.loading.targets.CommonClientLaunchHandler.lambda$makeService$0(CommonClientLaunchHandler.java:25)
[22:35:26] [ERROR] !   at MC-BOOTSTRAP/cpw.mods.modlauncher@10.0.9/cpw.mods.modlauncher.LaunchServiceHandlerDecorator.launch(LaunchServiceHandlerDecorator.java:30)
[22:35:26] [ERROR] !   at MC-BOOTSTRAP/cpw.mods.modlauncher@10.0.9/cpw.mods.modlauncher.LaunchServiceHandler.launch(LaunchServiceHandler.java:53)
[22:35:26] [ERROR] !   at MC-BOOTSTRAP/cpw.mods.modlauncher@10.0.9/cpw.mods.modlauncher.LaunchServiceHandler.launch(LaunchServiceHandler.java:71)
[22:35:26] [ERROR] !   at MC-BOOTSTRAP/cpw.mods.modlauncher@10.0.9/cpw.mods.modlauncher.Launcher.run(Launcher.java:108)
[22:35:26] [ERROR] !   at MC-BOOTSTRAP/cpw.mods.modlauncher@10.0.9/cpw.mods.modlauncher.Launcher.main(Launcher.java:78)
[22:35:26] [ERROR] !   at MC-BOOTSTRAP/cpw.mods.modlauncher@10.0.9/cpw.mods.modlauncher.BootstrapLaunchConsumer.accept(BootstrapLaunchConsumer.java:26)
[22:35:26] [ERROR] !   at MC-BOOTSTRAP/cpw.mods.modlauncher@10.0.9/cpw.mods.modlauncher.BootstrapLaunchConsumer.accept(BootstrapLaunchConsumer.java:23)
[22:35:26] [ERROR] !   at cpw.mods.bootstraplauncher@1.1.2/cpw.mods.bootstraplauncher.BootstrapLauncher.main(BootstrapLauncher.java:141)
[22:37:17] [ERROR] ! Error in 'JEIEvents.hideItems': Non [a-z0-9/._-] character in path of location: create:xycraft_world:raw_aluminum
[22:37:17] [ERROR] ! net.minecraft.ResourceLocationException: Non [a-z0-9/._-] character in path of location: create:xycraft_world:raw_aluminum
[22:37:17] [ERROR] !   at net.minecraft.resources.ResourceLocation.m_245185_(ResourceLocation.java:242)
[22:37:17] [ERROR] !   at net.minecraft.resources.ResourceLocation.<init>(ResourceLocation.java:40)
[22:37:17] [ERROR] !   at net.minecraft.resources.ResourceLocation.<init>(ResourceLocation.java:44)
[22:37:17] [ERROR] !   at net.minecraft.resources.ResourceLocation.<init>(ResourceLocation.java:50)
[22:37:17] [ERROR] !   at …kubejs.item.ingredient.IngredientJS.parse(IngredientJS.java:145)
[22:37:17] [ERROR] !   at …kubejs.item.ingredient.IngredientJS.of(IngredientJS.java:55)
[22:37:17] [ERROR] !   at …kubejs.integration.forge.jei.HideJEIEventJS.hide(HideJEIEventJS.java:35)
[22:37:17] [ERROR] !   at java.lang.reflect.Method.invoke(Unknown Source)
[22:37:17] [ERROR] !   at …rhino.MemberBox.invoke(MemberBox.java:160)
[22:37:17] [ERROR] !   at …rhino.NativeJavaMethod.call(NativeJavaMethod.java:463)
[22:37:17] [ERROR] !   at …rhino.Interpreter.interpretLoop(Interpreter.java:986)
[22:37:17] [ERROR] !   at …rhino.Interpreter.interpret(Interpreter.java:370)
[22:37:17] [ERROR] !   at …rhino.InterpretedFunction.call(InterpretedFunction.java:72)
[22:37:17] [ERROR] !   at …rhino.Context.callSync(Context.java:1357)
[22:37:17] [ERROR] !   at …rhino.ArrowFunction.call(ArrowFunction.java:42)
[22:37:17] [ERROR] !   at …rhino.NativeArray.iterativeMethod(NativeArray.java:1314)
[22:37:17] [ERROR] !   at …rhino.NativeArray.execIdCall(NativeArray.java:1798)
[22:37:17] [ERROR] !   at …rhino.IdFunctionObject.call(IdFunctionObject.java:103)
[22:37:17] [ERROR] !   at …rhino.Interpreter.interpretLoop(Interpreter.java:986)
[22:37:17] [ERROR] !   at …rhino.Interpreter.interpret(Interpreter.java:370)
[22:37:17] [ERROR] !   at …rhino.InterpretedFunction.call(InterpretedFunction.java:72)
[22:37:17] [ERROR] !   at …rhino.Context.callSync(Context.java:1357)
[22:37:17] [ERROR] !   at …rhino.ArrowFunction.call(ArrowFunction.java:42)
[22:37:17] [ERROR] !   at …rhino.NativeArray.iterativeMethod(NativeArray.java:1314)
[22:37:17] [ERROR] !   at …rhino.NativeArray.execIdCall(NativeArray.java:1798)
[22:37:17] [ERROR] !   at …rhino.IdFunctionObject.call(IdFunctionObject.java:103)
[22:37:17] [ERROR] !   at …rhino.Interpreter.interpretLoop(Interpreter.java:986)
[22:37:17] [ERROR] !   at …rhino.Interpreter.interpret(Interpreter.java:370)
[22:37:17] [ERROR] !   at …rhino.InterpretedFunction.call(InterpretedFunction.java:72)
[22:37:17] [ERROR] !   at …rhino.Context.callSync(Context.java:1357)
[22:37:17] [ERROR] !   at …rhino.Context.doTopCall(Context.java:1374)
[22:37:17] [ERROR] !   at …rhino.InterpretedFunction.call(InterpretedFunction.java:70)
[22:37:17] [ERROR] !   at …rhino.Context.callSync(Context.java:1357)
[22:37:17] [ERROR] !   at …rhino.ArrowFunction.call(ArrowFunction.java:42)
[22:37:17] [ERROR] !   at …rhino.Context.callSync(Context.java:1357)
[22:37:17] [ERROR] !   at …rhino.InterfaceAdapter.invoke(InterfaceAdapter.java:125)
[22:37:17] [ERROR] !   at …rhino.VMBridge.lambda$newInterfaceProxy$0(VMBridge.java:74)
[22:37:17] [ERROR] !   at TRANSFORMER/jdk.proxy3/jdk.proxy3.$Proxy95.onEvent(Unknown Source)
[22:37:17] [ERROR] !   at …kubejs.event.EventHandlerContainer.handle(EventHandlerContainer.java:39)
[22:37:17] [ERROR] !   at …kubejs.event.EventHandler.postToHandlers(EventHandler.java:304)
[22:37:17] [ERROR] !   at …kubejs.event.EventHandler.post(EventHandler.java:272)
[22:37:17] [ERROR] !   at …kubejs.event.EventHandler.post(EventHandler.java:226)
[22:37:17] [ERROR] !   at …kubejs.event.EventHandler.post(EventHandler.java:189)
[22:37:17] [ERROR] !   at …kubejs.integration.forge.jei.JEIPlugin.onRuntimeAvailable(JEIPlugin.java:40)
[22:37:17] [ERROR] !   at mezz.jei.library.startup.JeiStarter.lambda$start$3(JeiStarter.java:158)
[22:37:17] [ERROR] !   at mezz.jei.library.load.PluginCaller.callOnPlugins(PluginCaller.java:25)
[22:37:17] [ERROR] !   at mezz.jei.library.startup.JeiStarter.start(JeiStarter.java:158)
[22:37:17] [ERROR] !   at mezz.jei.forge.startup.StartEventObserver.transitionState(StartEventObserver.java:130)
[22:37:17] [ERROR] !   at mezz.jei.forge.startup.StartEventObserver.restart(StartEventObserver.java:109)
[22:37:17] [ERROR] !   at mezz.jei.forge.startup.StartEventObserver.onEvent(StartEventObserver.java:96)
[22:37:17] [ERROR] !   at MC-BOOTSTRAP/net.minecraftforge.eventbus/net.minecraftforge.eventbus.EventBus.doCastFilter(EventBus.java:260)
[22:37:17] [ERROR] !   at MC-BOOTSTRAP/net.minecraftforge.eventbus/net.minecraftforge.eventbus.EventBus.lambda$addListener$11(EventBus.java:252)
[22:37:17] [ERROR] !   at MC-BOOTSTRAP/net.minecraftforge.eventbus/net.minecraftforge.eventbus.EventBus.post(EventBus.java:315)
[22:37:17] [ERROR] !   at MC-BOOTSTRAP/net.minecraftforge.eventbus/net.minecraftforge.eventbus.EventBus.post(EventBus.java:296)
[22:37:17] [ERROR] !   at net.minecraftforge.client.ForgeHooksClient.onRecipesUpdated(ForgeHooksClient.java:718)
[22:37:17] [ERROR] !   at net.minecraft.client.multiplayer.ClientPacketListener.m_6327_(ClientPacketListener.java:1354)
[22:37:17] [ERROR] !   at net.minecraft.network.protocol.game.ClientboundUpdateRecipesPacket.m_5797_(ClientboundUpdateRecipesPacket.java:32)
[22:37:17] [ERROR] !   at net.minecraft.network.protocol.game.ClientboundUpdateRecipesPacket.m_5797_(ClientboundUpdateRecipesPacket.java:14)
[22:37:17] [ERROR] !   at net.minecraft.network.protocol.PacketUtils.m_263899_(PacketUtils.java:22)
[22:37:17] [ERROR] !   at net.minecraft.util.thread.BlockableEventLoop.m_6367_(BlockableEventLoop.java:156)
[22:37:17] [ERROR] !   at net.minecraft.util.thread.ReentrantBlockableEventLoop.m_6367_(ReentrantBlockableEventLoop.java:23)
[22:37:17] [ERROR] !   at net.minecraft.util.thread.BlockableEventLoop.m_7245_(BlockableEventLoop.java:130)
[22:37:17] [ERROR] !   at net.minecraft.util.thread.BlockableEventLoop.m_18699_(BlockableEventLoop.java:115)
[22:37:17] [ERROR] !   at net.minecraft.client.Minecraft.m_91383_(Minecraft.java:1106)
[22:37:17] [ERROR] !   at net.minecraft.client.Minecraft.m_91374_(Minecraft.java:718)
[22:37:17] [ERROR] !   at net.minecraft.client.main.Main.main(Main.java:218)
[22:37:17] [ERROR] !   at java.lang.reflect.Method.invoke(Unknown Source)
[22:37:17] [ERROR] !   at MC-BOOTSTRAP/fmlloader@1.20.1-47.4.6/net.minecraftforge.fml.loading.targets.CommonLaunchHandler.runTarget(CommonLaunchHandler.java:111)
[22:37:17] [ERROR] !   at MC-BOOTSTRAP/fmlloader@1.20.1-47.4.6/net.minecraftforge.fml.loading.targets.CommonLaunchHandler.clientService(CommonLaunchHandler.java:99)
[22:37:17] [ERROR] !   at MC-BOOTSTRAP/fmlloader@1.20.1-47.4.6/net.minecraftforge.fml.loading.targets.CommonClientLaunchHandler.lambda$makeService$0(CommonClientLaunchHandler.java:25)
[22:37:17] [ERROR] !   at MC-BOOTSTRAP/cpw.mods.modlauncher@10.0.9/cpw.mods.modlauncher.LaunchServiceHandlerDecorator.launch(LaunchServiceHandlerDecorator.java:30)
[22:37:17] [ERROR] !   at MC-BOOTSTRAP/cpw.mods.modlauncher@10.0.9/cpw.mods.modlauncher.LaunchServiceHandler.launch(LaunchServiceHandler.java:53)
[22:37:17] [ERROR] !   at MC-BOOTSTRAP/cpw.mods.modlauncher@10.0.9/cpw.mods.modlauncher.LaunchServiceHandler.launch(LaunchServiceHandler.java:71)
[22:37:17] [ERROR] !   at MC-BOOTSTRAP/cpw.mods.modlauncher@10.0.9/cpw.mods.modlauncher.Launcher.run(Launcher.java:108)
[22:37:17] [ERROR] !   at MC-BOOTSTRAP/cpw.mods.modlauncher@10.0.9/cpw.mods.modlauncher.Launcher.main(Launcher.java:78)
[22:37:17] [ERROR] !   at MC-BOOTSTRAP/cpw.mods.modlauncher@10.0.9/cpw.mods.modlauncher.BootstrapLaunchConsumer.accept(BootstrapLaunchConsumer.java:26)
[22:37:17] [ERROR] !   at MC-BOOTSTRAP/cpw.mods.modlauncher@10.0.9/cpw.mods.modlauncher.BootstrapLaunchConsumer.accept(BootstrapLaunchConsumer.java:23)
[22:37:17] [ERROR] !   at cpw.mods.bootstraplauncher@1.1.2/cpw.mods.bootstraplauncher.BootstrapLauncher.main(BootstrapLauncher.java:141)
[22:43:16] [ERROR] ! Error in 'JEIEvents.hideItems': Non [a-z0-9/._-] character in path of location: create:xycraft_world:raw_aluminum
[22:43:16] [ERROR] ! net.minecraft.ResourceLocationException: Non [a-z0-9/._-] character in path of location: create:xycraft_world:raw_aluminum
[22:43:16] [ERROR] !   at net.minecraft.resources.ResourceLocation.m_245185_(ResourceLocation.java:242)
[22:43:16] [ERROR] !   at net.minecraft.resources.ResourceLocation.<init>(ResourceLocation.java:40)
[22:43:16] [ERROR] !   at net.minecraft.resources.ResourceLocation.<init>(ResourceLocation.java:44)
[22:43:16] [ERROR] !   at net.minecraft.resources.ResourceLocation.<init>(ResourceLocation.java:50)
[22:43:16] [ERROR] !   at …kubejs.item.ingredient.IngredientJS.parse(IngredientJS.java:145)
[22:43:16] [ERROR] !   at …kubejs.item.ingredient.IngredientJS.of(IngredientJS.java:55)
[22:43:16] [ERROR] !   at …kubejs.integration.forge.jei.HideJEIEventJS.hide(HideJEIEventJS.java:35)
[22:43:16] [ERROR] !   at java.lang.reflect.Method.invoke(Unknown Source)
[22:43:16] [ERROR] !   at …rhino.MemberBox.invoke(MemberBox.java:160)
[22:43:16] [ERROR] !   at …rhino.NativeJavaMethod.call(NativeJavaMethod.java:463)
[22:43:16] [ERROR] !   at …rhino.Interpreter.interpretLoop(Interpreter.java:986)
[22:43:16] [ERROR] !   at …rhino.Interpreter.interpret(Interpreter.java:370)
[22:43:16] [ERROR] !   at …rhino.InterpretedFunction.call(InterpretedFunction.java:72)
[22:43:16] [ERROR] !   at …rhino.Context.callSync(Context.java:1357)
[22:43:16] [ERROR] !   at …rhino.ArrowFunction.call(ArrowFunction.java:42)
[22:43:16] [ERROR] !   at …rhino.NativeArray.iterativeMethod(NativeArray.java:1314)
[22:43:16] [ERROR] !   at …rhino.NativeArray.execIdCall(NativeArray.java:1798)
[22:43:16] [ERROR] !   at …rhino.IdFunctionObject.call(IdFunctionObject.java:103)
[22:43:16] [ERROR] !   at …rhino.Interpreter.interpretLoop(Interpreter.java:986)
[22:43:16] [ERROR] !   at …rhino.Interpreter.interpret(Interpreter.java:370)
[22:43:16] [ERROR] !   at …rhino.InterpretedFunction.call(InterpretedFunction.java:72)
[22:43:16] [ERROR] !   at …rhino.Context.callSync(Context.java:1357)
[22:43:16] [ERROR] !   at …rhino.ArrowFunction.call(ArrowFunction.java:42)
[22:43:16] [ERROR] !   at …rhino.NativeArray.iterativeMethod(NativeArray.java:1314)
[22:43:16] [ERROR] !   at …rhino.NativeArray.execIdCall(NativeArray.java:1798)
[22:43:16] [ERROR] !   at …rhino.IdFunctionObject.call(IdFunctionObject.java:103)
[22:43:16] [ERROR] !   at …rhino.Interpreter.interpretLoop(Interpreter.java:986)
[22:43:16] [ERROR] !   at …rhino.Interpreter.interpret(Interpreter.java:370)
[22:43:16] [ERROR] !   at …rhino.InterpretedFunction.call(InterpretedFunction.java:72)
[22:43:16] [ERROR] !   at …rhino.Context.callSync(Context.java:1357)
[22:43:16] [ERROR] !   at …rhino.Context.doTopCall(Context.java:1374)
[22:43:16] [ERROR] !   at …rhino.InterpretedFunction.call(InterpretedFunction.java:70)
[22:43:16] [ERROR] !   at …rhino.Context.callSync(Context.java:1357)
[22:43:16] [ERROR] !   at …rhino.ArrowFunction.call(ArrowFunction.java:42)
[22:43:16] [ERROR] !   at …rhino.Context.callSync(Context.java:1357)
[22:43:16] [ERROR] !   at …rhino.InterfaceAdapter.invoke(InterfaceAdapter.java:125)
[22:43:16] [ERROR] !   at …rhino.VMBridge.lambda$newInterfaceProxy$0(VMBridge.java:74)
[22:43:16] [ERROR] !   at TRANSFORMER/jdk.proxy3/jdk.proxy3.$Proxy95.onEvent(Unknown Source)
[22:43:16] [ERROR] !   at …kubejs.event.EventHandlerContainer.handle(EventHandlerContainer.java:39)
[22:43:16] [ERROR] !   at …kubejs.event.EventHandler.postToHandlers(EventHandler.java:304)
[22:43:16] [ERROR] !   at …kubejs.event.EventHandler.post(EventHandler.java:272)
[22:43:16] [ERROR] !   at …kubejs.event.EventHandler.post(EventHandler.java:226)
[22:43:16] [ERROR] !   at …kubejs.event.EventHandler.post(EventHandler.java:189)
[22:43:16] [ERROR] !   at …kubejs.integration.forge.jei.JEIPlugin.onRuntimeAvailable(JEIPlugin.java:40)
[22:43:16] [ERROR] !   at mezz.jei.library.startup.JeiStarter.lambda$start$3(JeiStarter.java:158)
[22:43:16] [ERROR] !   at mezz.jei.library.load.PluginCaller.callOnPlugins(PluginCaller.java:25)
[22:43:16] [ERROR] !   at mezz.jei.library.startup.JeiStarter.start(JeiStarter.java:158)
[22:43:16] [ERROR] !   at mezz.jei.forge.startup.StartEventObserver.transitionState(StartEventObserver.java:130)
[22:43:16] [ERROR] !   at mezz.jei.forge.startup.StartEventObserver.restart(StartEventObserver.java:109)
[22:43:16] [ERROR] !   at mezz.jei.forge.startup.StartEventObserver.onEvent(StartEventObserver.java:96)
[22:43:16] [ERROR] !   at MC-BOOTSTRAP/net.minecraftforge.eventbus/net.minecraftforge.eventbus.EventBus.doCastFilter(EventBus.java:260)
[22:43:16] [ERROR] !   at MC-BOOTSTRAP/net.minecraftforge.eventbus/net.minecraftforge.eventbus.EventBus.lambda$addListener$11(EventBus.java:252)
[22:43:16] [ERROR] !   at MC-BOOTSTRAP/net.minecraftforge.eventbus/net.minecraftforge.eventbus.EventBus.post(EventBus.java:315)
[22:43:16] [ERROR] !   at MC-BOOTSTRAP/net.minecraftforge.eventbus/net.minecraftforge.eventbus.EventBus.post(EventBus.java:296)
[22:43:16] [ERROR] !   at net.minecraftforge.client.ForgeHooksClient.onRecipesUpdated(ForgeHooksClient.java:718)
[22:43:16] [ERROR] !   at net.minecraft.client.multiplayer.ClientPacketListener.m_6327_(ClientPacketListener.java:1354)
[22:43:16] [ERROR] !   at net.minecraft.network.protocol.game.ClientboundUpdateRecipesPacket.m_5797_(ClientboundUpdateRecipesPacket.java:32)
[22:43:16] [ERROR] !   at net.minecraft.network.protocol.game.ClientboundUpdateRecipesPacket.m_5797_(ClientboundUpdateRecipesPacket.java:14)
[22:43:16] [ERROR] !   at net.minecraft.network.protocol.PacketUtils.m_263899_(PacketUtils.java:22)
[22:43:16] [ERROR] !   at net.minecraft.util.thread.BlockableEventLoop.m_6367_(BlockableEventLoop.java:156)
[22:43:16] [ERROR] !   at net.minecraft.util.thread.ReentrantBlockableEventLoop.m_6367_(ReentrantBlockableEventLoop.java:23)
[22:43:16] [ERROR] !   at net.minecraft.util.thread.BlockableEventLoop.m_7245_(BlockableEventLoop.java:130)
[22:43:16] [ERROR] !   at net.minecraft.util.thread.BlockableEventLoop.m_18699_(BlockableEventLoop.java:115)
[22:43:16] [ERROR] !   at net.minecraft.client.Minecraft.m_91383_(Minecraft.java:1106)
[22:43:16] [ERROR] !   at net.minecraft.client.Minecraft.m_91374_(Minecraft.java:718)
[22:43:16] [ERROR] !   at net.minecraft.client.main.Main.main(Main.java:218)
[22:43:16] [ERROR] !   at java.lang.reflect.Method.invoke(Unknown Source)
[22:43:16] [ERROR] !   at MC-BOOTSTRAP/fmlloader@1.20.1-47.4.6/net.minecraftforge.fml.loading.targets.CommonLaunchHandler.runTarget(CommonLaunchHandler.java:111)
[22:43:16] [ERROR] !   at MC-BOOTSTRAP/fmlloader@1.20.1-47.4.6/net.minecraftforge.fml.loading.targets.CommonLaunchHandler.clientService(CommonLaunchHandler.java:99)
[22:43:16] [ERROR] !   at MC-BOOTSTRAP/fmlloader@1.20.1-47.4.6/net.minecraftforge.fml.loading.targets.CommonClientLaunchHandler.lambda$makeService$0(CommonClientLaunchHandler.java:25)
[22:43:16] [ERROR] !   at MC-BOOTSTRAP/cpw.mods.modlauncher@10.0.9/cpw.mods.modlauncher.LaunchServiceHandlerDecorator.launch(LaunchServiceHandlerDecorator.java:30)
[22:43:16] [ERROR] !   at MC-BOOTSTRAP/cpw.mods.modlauncher@10.0.9/cpw.mods.modlauncher.LaunchServiceHandler.launch(LaunchServiceHandler.java:53)
[22:43:16] [ERROR] !   at MC-BOOTSTRAP/cpw.mods.modlauncher@10.0.9/cpw.mods.modlauncher.LaunchServiceHandler.launch(LaunchServiceHandler.java:71)
[22:43:16] [ERROR] !   at MC-BOOTSTRAP/cpw.mods.modlauncher@10.0.9/cpw.mods.modlauncher.Launcher.run(Launcher.java:108)
[22:43:16] [ERROR] !   at MC-BOOTSTRAP/cpw.mods.modlauncher@10.0.9/cpw.mods.modlauncher.Launcher.main(Launcher.java:78)
[22:43:16] [ERROR] !   at MC-BOOTSTRAP/cpw.mods.modlauncher@10.0.9/cpw.mods.modlauncher.BootstrapLaunchConsumer.accept(BootstrapLaunchConsumer.java:26)
[22:43:16] [ERROR] !   at MC-BOOTSTRAP/cpw.mods.modlauncher@10.0.9/cpw.mods.modlauncher.BootstrapLaunchConsumer.accept(BootstrapLaunchConsumer.java:23)
[22:43:16] [ERROR] !   at cpw.mods.bootstraplauncher@1.1.2/cpw.mods.bootstraplauncher.BootstrapLauncher.main(BootstrapLauncher.java:141)
[22:44:40] [ERROR] ! Error in 'JEIEvents.hideItems': Non [a-z0-9/._-] character in path of location: create:xycraft_world:raw_aluminum
[22:44:40] [ERROR] ! net.minecraft.ResourceLocationException: Non [a-z0-9/._-] character in path of location: create:xycraft_world:raw_aluminum
[22:44:40] [ERROR] !   at net.minecraft.resources.ResourceLocation.m_245185_(ResourceLocation.java:242)
[22:44:40] [ERROR] !   at net.minecraft.resources.ResourceLocation.<init>(ResourceLocation.java:40)
[22:44:40] [ERROR] !   at net.minecraft.resources.ResourceLocation.<init>(ResourceLocation.java:44)
[22:44:40] [ERROR] !   at net.minecraft.resources.ResourceLocation.<init>(ResourceLocation.java:50)
[22:44:40] [ERROR] !   at …kubejs.item.ingredient.IngredientJS.parse(IngredientJS.java:145)
[22:44:40] [ERROR] !   at …kubejs.item.ingredient.IngredientJS.of(IngredientJS.java:55)
[22:44:40] [ERROR] !   at …kubejs.integration.forge.jei.HideJEIEventJS.hide(HideJEIEventJS.java:35)
[22:44:40] [ERROR] !   at java.lang.reflect.Method.invoke(Unknown Source)
[22:44:40] [ERROR] !   at …rhino.MemberBox.invoke(MemberBox.java:160)
[22:44:40] [ERROR] !   at …rhino.NativeJavaMethod.call(NativeJavaMethod.java:463)
[22:44:40] [ERROR] !   at …rhino.Interpreter.interpretLoop(Interpreter.java:986)
[22:44:40] [ERROR] !   at …rhino.Interpreter.interpret(Interpreter.java:370)
[22:44:40] [ERROR] !   at …rhino.InterpretedFunction.call(InterpretedFunction.java:72)
[22:44:40] [ERROR] !   at …rhino.Context.callSync(Context.java:1357)
[22:44:40] [ERROR] !   at …rhino.ArrowFunction.call(ArrowFunction.java:42)
[22:44:40] [ERROR] !   at …rhino.NativeArray.iterativeMethod(NativeArray.java:1314)
[22:44:40] [ERROR] !   at …rhino.NativeArray.execIdCall(NativeArray.java:1798)
[22:44:40] [ERROR] !   at …rhino.IdFunctionObject.call(IdFunctionObject.java:103)
[22:44:40] [ERROR] !   at …rhino.Interpreter.interpretLoop(Interpreter.java:986)
[22:44:40] [ERROR] !   at …rhino.Interpreter.interpret(Interpreter.java:370)
[22:44:40] [ERROR] !   at …rhino.InterpretedFunction.call(InterpretedFunction.java:72)
[22:44:40] [ERROR] !   at …rhino.Context.callSync(Context.java:1357)
[22:44:40] [ERROR] !   at …rhino.ArrowFunction.call(ArrowFunction.java:42)
[22:44:40] [ERROR] !   at …rhino.NativeArray.iterativeMethod(NativeArray.java:1314)
[22:44:40] [ERROR] !   at …rhino.NativeArray.execIdCall(NativeArray.java:1798)
[22:44:40] [ERROR] !   at …rhino.IdFunctionObject.call(IdFunctionObject.java:103)
[22:44:40] [ERROR] !   at …rhino.Interpreter.interpretLoop(Interpreter.java:986)
[22:44:40] [ERROR] !   at …rhino.Interpreter.interpret(Interpreter.java:370)
[22:44:40] [ERROR] !   at …rhino.InterpretedFunction.call(InterpretedFunction.java:72)
[22:44:40] [ERROR] !   at …rhino.Context.callSync(Context.java:1357)
[22:44:40] [ERROR] !   at …rhino.Context.doTopCall(Context.java:1374)
[22:44:40] [ERROR] !   at …rhino.InterpretedFunction.call(InterpretedFunction.java:70)
[22:44:40] [ERROR] !   at …rhino.Context.callSync(Context.java:1357)
[22:44:40] [ERROR] !   at …rhino.ArrowFunction.call(ArrowFunction.java:42)
[22:44:40] [ERROR] !   at …rhino.Context.callSync(Context.java:1357)
[22:44:40] [ERROR] !   at …rhino.InterfaceAdapter.invoke(InterfaceAdapter.java:125)
[22:44:40] [ERROR] !   at …rhino.VMBridge.lambda$newInterfaceProxy$0(VMBridge.java:74)
[22:44:40] [ERROR] !   at TRANSFORMER/jdk.proxy3/jdk.proxy3.$Proxy95.onEvent(Unknown Source)
[22:44:40] [ERROR] !   at …kubejs.event.EventHandlerContainer.handle(EventHandlerContainer.java:39)
[22:44:40] [ERROR] !   at …kubejs.event.EventHandler.postToHandlers(EventHandler.java:304)
[22:44:40] [ERROR] !   at …kubejs.event.EventHandler.post(EventHandler.java:272)
[22:44:40] [ERROR] !   at …kubejs.event.EventHandler.post(EventHandler.java:226)
[22:44:40] [ERROR] !   at …kubejs.event.EventHandler.post(EventHandler.java:189)
[22:44:40] [ERROR] !   at …kubejs.integration.forge.jei.JEIPlugin.onRuntimeAvailable(JEIPlugin.java:40)
[22:44:40] [ERROR] !   at mezz.jei.library.startup.JeiStarter.lambda$start$3(JeiStarter.java:158)
[22:44:40] [ERROR] !   at mezz.jei.library.load.PluginCaller.callOnPlugins(PluginCaller.java:25)
[22:44:40] [ERROR] !   at mezz.jei.library.startup.JeiStarter.start(JeiStarter.java:158)
[22:44:40] [ERROR] !   at mezz.jei.forge.startup.StartEventObserver.transitionState(StartEventObserver.java:130)
[22:44:40] [ERROR] !   at mezz.jei.forge.startup.StartEventObserver.restart(StartEventObserver.java:109)
[22:44:40] [ERROR] !   at mezz.jei.forge.startup.StartEventObserver.onEvent(StartEventObserver.java:96)
[22:44:40] [ERROR] !   at MC-BOOTSTRAP/net.minecraftforge.eventbus/net.minecraftforge.eventbus.EventBus.doCastFilter(EventBus.java:260)
[22:44:40] [ERROR] !   at MC-BOOTSTRAP/net.minecraftforge.eventbus/net.minecraftforge.eventbus.EventBus.lambda$addListener$11(EventBus.java:252)
[22:44:40] [ERROR] !   at MC-BOOTSTRAP/net.minecraftforge.eventbus/net.minecraftforge.eventbus.EventBus.post(EventBus.java:315)
[22:44:40] [ERROR] !   at MC-BOOTSTRAP/net.minecraftforge.eventbus/net.minecraftforge.eventbus.EventBus.post(EventBus.java:296)
[22:44:40] [ERROR] !   at net.minecraftforge.client.ForgeHooksClient.onRecipesUpdated(ForgeHooksClient.java:718)
[22:44:40] [ERROR] !   at net.minecraft.client.multiplayer.ClientPacketListener.m_6327_(ClientPacketListener.java:1354)
[22:44:40] [ERROR] !   at net.minecraft.network.protocol.game.ClientboundUpdateRecipesPacket.m_5797_(ClientboundUpdateRecipesPacket.java:32)
[22:44:40] [ERROR] !   at net.minecraft.network.protocol.game.ClientboundUpdateRecipesPacket.m_5797_(ClientboundUpdateRecipesPacket.java:14)
[22:44:40] [ERROR] !   at net.minecraft.network.protocol.PacketUtils.m_263899_(PacketUtils.java:22)
[22:44:40] [ERROR] !   at net.minecraft.util.thread.BlockableEventLoop.m_6367_(BlockableEventLoop.java:156)
[22:44:40] [ERROR] !   at net.minecraft.util.thread.ReentrantBlockableEventLoop.m_6367_(ReentrantBlockableEventLoop.java:23)
[22:44:40] [ERROR] !   at net.minecraft.util.thread.BlockableEventLoop.m_7245_(BlockableEventLoop.java:130)
[22:44:40] [ERROR] !   at net.minecraft.util.thread.BlockableEventLoop.m_18699_(BlockableEventLoop.java:115)
[22:44:40] [ERROR] !   at net.minecraft.client.Minecraft.m_91383_(Minecraft.java:1106)
[22:44:40] [ERROR] !   at net.minecraft.client.Minecraft.m_91374_(Minecraft.java:718)
[22:44:40] [ERROR] !   at net.minecraft.client.main.Main.main(Main.java:218)
[22:44:40] [ERROR] !   at java.lang.reflect.Method.invoke(Unknown Source)
[22:44:40] [ERROR] !   at MC-BOOTSTRAP/fmlloader@1.20.1-47.4.6/net.minecraftforge.fml.loading.targets.CommonLaunchHandler.runTarget(CommonLaunchHandler.java:111)
[22:44:40] [ERROR] !   at MC-BOOTSTRAP/fmlloader@1.20.1-47.4.6/net.minecraftforge.fml.loading.targets.CommonLaunchHandler.clientService(CommonLaunchHandler.java:99)
[22:44:40] [ERROR] !   at MC-BOOTSTRAP/fmlloader@1.20.1-47.4.6/net.minecraftforge.fml.loading.targets.CommonClientLaunchHandler.lambda$makeService$0(CommonClientLaunchHandler.java:25)
[22:44:40] [ERROR] !   at MC-BOOTSTRAP/cpw.mods.modlauncher@10.0.9/cpw.mods.modlauncher.LaunchServiceHandlerDecorator.launch(LaunchServiceHandlerDecorator.java:30)
[22:44:40] [ERROR] !   at MC-BOOTSTRAP/cpw.mods.modlauncher@10.0.9/cpw.mods.modlauncher.LaunchServiceHandler.launch(LaunchServiceHandler.java:53)
[22:44:40] [ERROR] !   at MC-BOOTSTRAP/cpw.mods.modlauncher@10.0.9/cpw.mods.modlauncher.LaunchServiceHandler.launch(LaunchServiceHandler.java:71)
[22:44:40] [ERROR] !   at MC-BOOTSTRAP/cpw.mods.modlauncher@10.0.9/cpw.mods.modlauncher.Launcher.run(Launcher.java:108)
[22:44:40] [ERROR] !   at MC-BOOTSTRAP/cpw.mods.modlauncher@10.0.9/cpw.mods.modlauncher.Launcher.main(Launcher.java:78)
[22:44:40] [ERROR] !   at MC-BOOTSTRAP/cpw.mods.modlauncher@10.0.9/cpw.mods.modlauncher.BootstrapLaunchConsumer.accept(BootstrapLaunchConsumer.java:26)
[22:44:40] [ERROR] !   at MC-BOOTSTRAP/cpw.mods.modlauncher@10.0.9/cpw.mods.modlauncher.BootstrapLaunchConsumer.accept(BootstrapLaunchConsumer.java:23)
[22:44:40] [ERROR] !   at cpw.mods.bootstraplauncher@1.1.2/cpw.mods.bootstraplauncher.BootstrapLauncher.main(BootstrapLauncher.java:141)
[22:53:36] [ERROR] ! Error in 'JEIEvents.hideItems': Non [a-z0-9/._-] character in path of location: create:xycraft_world:raw_aluminum
[22:53:36] [ERROR] ! net.minecraft.ResourceLocationException: Non [a-z0-9/._-] character in path of location: create:xycraft_world:raw_aluminum
[22:53:36] [ERROR] !   at net.minecraft.resources.ResourceLocation.m_245185_(ResourceLocation.java:242)
[22:53:36] [ERROR] !   at net.minecraft.resources.ResourceLocation.<init>(ResourceLocation.java:40)
[22:53:36] [ERROR] !   at net.minecraft.resources.ResourceLocation.<init>(ResourceLocation.java:44)
[22:53:36] [ERROR] !   at net.minecraft.resources.ResourceLocation.<init>(ResourceLocation.java:50)
[22:53:36] [ERROR] !   at …kubejs.item.ingredient.IngredientJS.parse(IngredientJS.java:145)
[22:53:36] [ERROR] !   at …kubejs.item.ingredient.IngredientJS.of(IngredientJS.java:55)
[22:53:36] [ERROR] !   at …kubejs.integration.forge.jei.HideJEIEventJS.hide(HideJEIEventJS.java:35)
[22:53:36] [ERROR] !   at java.lang.reflect.Method.invoke(Unknown Source)
[22:53:36] [ERROR] !   at …rhino.MemberBox.invoke(MemberBox.java:160)
[22:53:36] [ERROR] !   at …rhino.NativeJavaMethod.call(NativeJavaMethod.java:463)
[22:53:36] [ERROR] !   at …rhino.Interpreter.interpretLoop(Interpreter.java:986)
[22:53:36] [ERROR] !   at …rhino.Interpreter.interpret(Interpreter.java:370)
[22:53:36] [ERROR] !   at …rhino.InterpretedFunction.call(InterpretedFunction.java:72)
[22:53:36] [ERROR] !   at …rhino.Context.callSync(Context.java:1357)
[22:53:36] [ERROR] !   at …rhino.ArrowFunction.call(ArrowFunction.java:42)
[22:53:36] [ERROR] !   at …rhino.NativeArray.iterativeMethod(NativeArray.java:1314)
[22:53:36] [ERROR] !   at …rhino.NativeArray.execIdCall(NativeArray.java:1798)
[22:53:36] [ERROR] !   at …rhino.IdFunctionObject.call(IdFunctionObject.java:103)
[22:53:36] [ERROR] !   at …rhino.Interpreter.interpretLoop(Interpreter.java:986)
[22:53:36] [ERROR] !   at …rhino.Interpreter.interpret(Interpreter.java:370)
[22:53:36] [ERROR] !   at …rhino.InterpretedFunction.call(InterpretedFunction.java:72)
[22:53:36] [ERROR] !   at …rhino.Context.callSync(Context.java:1357)
[22:53:36] [ERROR] !   at …rhino.ArrowFunction.call(ArrowFunction.java:42)
[22:53:36] [ERROR] !   at …rhino.NativeArray.iterativeMethod(NativeArray.java:1314)
[22:53:36] [ERROR] !   at …rhino.NativeArray.execIdCall(NativeArray.java:1798)
[22:53:36] [ERROR] !   at …rhino.IdFunctionObject.call(IdFunctionObject.java:103)
[22:53:36] [ERROR] !   at …rhino.Interpreter.interpretLoop(Interpreter.java:986)
[22:53:36] [ERROR] !   at …rhino.Interpreter.interpret(Interpreter.java:370)
[22:53:36] [ERROR] !   at …rhino.InterpretedFunction.call(InterpretedFunction.java:72)
[22:53:36] [ERROR] !   at …rhino.Context.callSync(Context.java:1357)
[22:53:36] [ERROR] !   at …rhino.Context.doTopCall(Context.java:1374)
[22:53:36] [ERROR] !   at …rhino.InterpretedFunction.call(InterpretedFunction.java:70)
[22:53:36] [ERROR] !   at …rhino.Context.callSync(Context.java:1357)
[22:53:36] [ERROR] !   at …rhino.ArrowFunction.call(ArrowFunction.java:42)
[22:53:36] [ERROR] !   at …rhino.Context.callSync(Context.java:1357)
[22:53:36] [ERROR] !   at …rhino.InterfaceAdapter.invoke(InterfaceAdapter.java:125)
[22:53:36] [ERROR] !   at …rhino.VMBridge.lambda$newInterfaceProxy$0(VMBridge.java:74)
[22:53:36] [ERROR] !   at TRANSFORMER/jdk.proxy3/jdk.proxy3.$Proxy95.onEvent(Unknown Source)
[22:53:36] [ERROR] !   at …kubejs.event.EventHandlerContainer.handle(EventHandlerContainer.java:39)
[22:53:36] [ERROR] !   at …kubejs.event.EventHandler.postToHandlers(EventHandler.java:304)
[22:53:36] [ERROR] !   at …kubejs.event.EventHandler.post(EventHandler.java:272)
[22:53:36] [ERROR] !   at …kubejs.event.EventHandler.post(EventHandler.java:226)
[22:53:36] [ERROR] !   at …kubejs.event.EventHandler.post(EventHandler.java:189)
[22:53:36] [ERROR] !   at …kubejs.integration.forge.jei.JEIPlugin.onRuntimeAvailable(JEIPlugin.java:40)
[22:53:36] [ERROR] !   at mezz.jei.library.startup.JeiStarter.lambda$start$3(JeiStarter.java:158)
[22:53:36] [ERROR] !   at mezz.jei.library.load.PluginCaller.callOnPlugins(PluginCaller.java:25)
[22:53:36] [ERROR] !   at mezz.jei.library.startup.JeiStarter.start(JeiStarter.java:158)
[22:53:36] [ERROR] !   at mezz.jei.forge.startup.StartEventObserver.transitionState(StartEventObserver.java:130)
[22:53:36] [ERROR] !   at mezz.jei.forge.startup.StartEventObserver.restart(StartEventObserver.java:109)
[22:53:36] [ERROR] !   at mezz.jei.forge.startup.StartEventObserver.onEvent(StartEventObserver.java:96)
[22:53:36] [ERROR] !   at MC-BOOTSTRAP/net.minecraftforge.eventbus/net.minecraftforge.eventbus.EventBus.doCastFilter(EventBus.java:260)
[22:53:36] [ERROR] !   at MC-BOOTSTRAP/net.minecraftforge.eventbus/net.minecraftforge.eventbus.EventBus.lambda$addListener$11(EventBus.java:252)
[22:53:36] [ERROR] !   at MC-BOOTSTRAP/net.minecraftforge.eventbus/net.minecraftforge.eventbus.EventBus.post(EventBus.java:315)
[22:53:36] [ERROR] !   at MC-BOOTSTRAP/net.minecraftforge.eventbus/net.minecraftforge.eventbus.EventBus.post(EventBus.java:296)
[22:53:36] [ERROR] !   at net.minecraftforge.client.ForgeHooksClient.onRecipesUpdated(ForgeHooksClient.java:718)
[22:53:36] [ERROR] !   at net.minecraft.client.multiplayer.ClientPacketListener.m_6327_(ClientPacketListener.java:1354)
[22:53:36] [ERROR] !   at net.minecraft.network.protocol.game.ClientboundUpdateRecipesPacket.m_5797_(ClientboundUpdateRecipesPacket.java:32)
[22:53:36] [ERROR] !   at net.minecraft.network.protocol.game.ClientboundUpdateRecipesPacket.m_5797_(ClientboundUpdateRecipesPacket.java:14)
[22:53:36] [ERROR] !   at net.minecraft.network.protocol.PacketUtils.m_263899_(PacketUtils.java:22)
[22:53:36] [ERROR] !   at net.minecraft.util.thread.BlockableEventLoop.m_6367_(BlockableEventLoop.java:156)
[22:53:36] [ERROR] !   at net.minecraft.util.thread.ReentrantBlockableEventLoop.m_6367_(ReentrantBlockableEventLoop.java:23)
[22:53:36] [ERROR] !   at net.minecraft.util.thread.BlockableEventLoop.m_7245_(BlockableEventLoop.java:130)
[22:53:36] [ERROR] !   at net.minecraft.util.thread.BlockableEventLoop.m_18699_(BlockableEventLoop.java:115)
[22:53:36] [ERROR] !   at net.minecraft.client.Minecraft.m_91383_(Minecraft.java:1106)
[22:53:36] [ERROR] !   at net.minecraft.client.Minecraft.m_91374_(Minecraft.java:718)
[22:53:36] [ERROR] !   at net.minecraft.client.main.Main.main(Main.java:218)
[22:53:36] [ERROR] !   at java.lang.reflect.Method.invoke(Unknown Source)
[22:53:36] [ERROR] !   at MC-BOOTSTRAP/fmlloader@1.20.1-47.4.6/net.minecraftforge.fml.loading.targets.CommonLaunchHandler.runTarget(CommonLaunchHandler.java:111)
[22:53:36] [ERROR] !   at MC-BOOTSTRAP/fmlloader@1.20.1-47.4.6/net.minecraftforge.fml.loading.targets.CommonLaunchHandler.clientService(CommonLaunchHandler.java:99)
[22:53:36] [ERROR] !   at MC-BOOTSTRAP/fmlloader@1.20.1-47.4.6/net.minecraftforge.fml.loading.targets.CommonClientLaunchHandler.lambda$makeService$0(CommonClientLaunchHandler.java:25)
[22:53:36] [ERROR] !   at MC-BOOTSTRAP/cpw.mods.modlauncher@10.0.9/cpw.mods.modlauncher.LaunchServiceHandlerDecorator.launch(LaunchServiceHandlerDecorator.java:30)
[22:53:36] [ERROR] !   at MC-BOOTSTRAP/cpw.mods.modlauncher@10.0.9/cpw.mods.modlauncher.LaunchServiceHandler.launch(LaunchServiceHandler.java:53)
[22:53:36] [ERROR] !   at MC-BOOTSTRAP/cpw.mods.modlauncher@10.0.9/cpw.mods.modlauncher.LaunchServiceHandler.launch(LaunchServiceHandler.java:71)
[22:53:36] [ERROR] !   at MC-BOOTSTRAP/cpw.mods.modlauncher@10.0.9/cpw.mods.modlauncher.Launcher.run(Launcher.java:108)
[22:53:36] [ERROR] !   at MC-BOOTSTRAP/cpw.mods.modlauncher@10.0.9/cpw.mods.modlauncher.Launcher.main(Launcher.java:78)
[22:53:36] [ERROR] !   at MC-BOOTSTRAP/cpw.mods.modlauncher@10.0.9/cpw.mods.modlauncher.BootstrapLaunchConsumer.accept(BootstrapLaunchConsumer.java:26)
[22:53:36] [ERROR] !   at MC-BOOTSTRAP/cpw.mods.modlauncher@10.0.9/cpw.mods.modlauncher.BootstrapLaunchConsumer.accept(BootstrapLaunchConsumer.java:23)
[22:53:36] [ERROR] !   at cpw.mods.bootstraplauncher@1.1.2/cpw.mods.bootstraplauncher.BootstrapLauncher.main(BootstrapLauncher.java:141)
[22:54:44] [ERROR] ! Error in 'JEIEvents.hideItems': Non [a-z0-9/._-] character in path of location: create:xycraft_world:raw_aluminum
[22:54:44] [ERROR] ! net.minecraft.ResourceLocationException: Non [a-z0-9/._-] character in path of location: create:xycraft_world:raw_aluminum
[22:54:44] [ERROR] !   at net.minecraft.resources.ResourceLocation.m_245185_(ResourceLocation.java:242)
[22:54:44] [ERROR] !   at net.minecraft.resources.ResourceLocation.<init>(ResourceLocation.java:40)
[22:54:44] [ERROR] !   at net.minecraft.resources.ResourceLocation.<init>(ResourceLocation.java:44)
[22:54:44] [ERROR] !   at net.minecraft.resources.ResourceLocation.<init>(ResourceLocation.java:50)
[22:54:44] [ERROR] !   at …kubejs.item.ingredient.IngredientJS.parse(IngredientJS.java:145)
[22:54:44] [ERROR] !   at …kubejs.item.ingredient.IngredientJS.of(IngredientJS.java:55)
[22:54:44] [ERROR] !   at …kubejs.integration.forge.jei.HideJEIEventJS.hide(HideJEIEventJS.java:35)
[22:54:44] [ERROR] !   at java.lang.reflect.Method.invoke(Unknown Source)
[22:54:44] [ERROR] !   at …rhino.MemberBox.invoke(MemberBox.java:160)
[22:54:44] [ERROR] !   at …rhino.NativeJavaMethod.call(NativeJavaMethod.java:463)
[22:54:44] [ERROR] !   at …rhino.Interpreter.interpretLoop(Interpreter.java:986)
[22:54:44] [ERROR] !   at …rhino.Interpreter.interpret(Interpreter.java:370)
[22:54:44] [ERROR] !   at …rhino.InterpretedFunction.call(InterpretedFunction.java:72)
[22:54:44] [ERROR] !   at …rhino.Context.callSync(Context.java:1357)
[22:54:44] [ERROR] !   at …rhino.ArrowFunction.call(ArrowFunction.java:42)
[22:54:44] [ERROR] !   at …rhino.NativeArray.iterativeMethod(NativeArray.java:1314)
[22:54:44] [ERROR] !   at …rhino.NativeArray.execIdCall(NativeArray.java:1798)
[22:54:44] [ERROR] !   at …rhino.IdFunctionObject.call(IdFunctionObject.java:103)
[22:54:44] [ERROR] !   at …rhino.Interpreter.interpretLoop(Interpreter.java:986)
[22:54:44] [ERROR] !   at …rhino.Interpreter.interpret(Interpreter.java:370)
[22:54:44] [ERROR] !   at …rhino.InterpretedFunction.call(InterpretedFunction.java:72)
[22:54:44] [ERROR] !   at …rhino.Context.callSync(Context.java:1357)
[22:54:44] [ERROR] !   at …rhino.ArrowFunction.call(ArrowFunction.java:42)
[22:54:44] [ERROR] !   at …rhino.NativeArray.iterativeMethod(NativeArray.java:1314)
[22:54:44] [ERROR] !   at …rhino.NativeArray.execIdCall(NativeArray.java:1798)
[22:54:44] [ERROR] !   at …rhino.IdFunctionObject.call(IdFunctionObject.java:103)
[22:54:44] [ERROR] !   at …rhino.Interpreter.interpretLoop(Interpreter.java:986)
[22:54:44] [ERROR] !   at …rhino.Interpreter.interpret(Interpreter.java:370)
[22:54:44] [ERROR] !   at …rhino.InterpretedFunction.call(InterpretedFunction.java:72)
[22:54:44] [ERROR] !   at …rhino.Context.callSync(Context.java:1357)
[22:54:44] [ERROR] !   at …rhino.Context.doTopCall(Context.java:1374)
[22:54:44] [ERROR] !   at …rhino.InterpretedFunction.call(InterpretedFunction.java:70)
[22:54:44] [ERROR] !   at …rhino.Context.callSync(Context.java:1357)
[22:54:44] [ERROR] !   at …rhino.ArrowFunction.call(ArrowFunction.java:42)
[22:54:44] [ERROR] !   at …rhino.Context.callSync(Context.java:1357)
[22:54:44] [ERROR] !   at …rhino.InterfaceAdapter.invoke(InterfaceAdapter.java:125)
[22:54:44] [ERROR] !   at …rhino.VMBridge.lambda$newInterfaceProxy$0(VMBridge.java:74)
[22:54:44] [ERROR] !   at TRANSFORMER/jdk.proxy3/jdk.proxy3.$Proxy95.onEvent(Unknown Source)
[22:54:44] [ERROR] !   at …kubejs.event.EventHandlerContainer.handle(EventHandlerContainer.java:39)
[22:54:44] [ERROR] !   at …kubejs.event.EventHandler.postToHandlers(EventHandler.java:304)
[22:54:44] [ERROR] !   at …kubejs.event.EventHandler.post(EventHandler.java:272)
[22:54:44] [ERROR] !   at …kubejs.event.EventHandler.post(EventHandler.java:226)
[22:54:44] [ERROR] !   at …kubejs.event.EventHandler.post(EventHandler.java:189)
[22:54:44] [ERROR] !   at …kubejs.integration.forge.jei.JEIPlugin.onRuntimeAvailable(JEIPlugin.java:40)
[22:54:44] [ERROR] !   at mezz.jei.library.startup.JeiStarter.lambda$start$3(JeiStarter.java:158)
[22:54:44] [ERROR] !   at mezz.jei.library.load.PluginCaller.callOnPlugins(PluginCaller.java:25)
[22:54:44] [ERROR] !   at mezz.jei.library.startup.JeiStarter.start(JeiStarter.java:158)
[22:54:44] [ERROR] !   at mezz.jei.forge.startup.StartEventObserver.transitionState(StartEventObserver.java:130)
[22:54:44] [ERROR] !   at mezz.jei.forge.startup.StartEventObserver.restart(StartEventObserver.java:109)
[22:54:44] [ERROR] !   at mezz.jei.forge.startup.StartEventObserver.onEvent(StartEventObserver.java:96)
[22:54:44] [ERROR] !   at MC-BOOTSTRAP/net.minecraftforge.eventbus/net.minecraftforge.eventbus.EventBus.doCastFilter(EventBus.java:260)
[22:54:44] [ERROR] !   at MC-BOOTSTRAP/net.minecraftforge.eventbus/net.minecraftforge.eventbus.EventBus.lambda$addListener$11(EventBus.java:252)
[22:54:44] [ERROR] !   at MC-BOOTSTRAP/net.minecraftforge.eventbus/net.minecraftforge.eventbus.EventBus.post(EventBus.java:315)
[22:54:44] [ERROR] !   at MC-BOOTSTRAP/net.minecraftforge.eventbus/net.minecraftforge.eventbus.EventBus.post(EventBus.java:296)
[22:54:44] [ERROR] !   at net.minecraftforge.client.ForgeHooksClient.onRecipesUpdated(ForgeHooksClient.java:718)
[22:54:44] [ERROR] !   at net.minecraft.client.multiplayer.ClientPacketListener.m_6327_(ClientPacketListener.java:1354)
[22:54:44] [ERROR] !   at net.minecraft.network.protocol.game.ClientboundUpdateRecipesPacket.m_5797_(ClientboundUpdateRecipesPacket.java:32)
[22:54:44] [ERROR] !   at net.minecraft.network.protocol.game.ClientboundUpdateRecipesPacket.m_5797_(ClientboundUpdateRecipesPacket.java:14)
[22:54:44] [ERROR] !   at net.minecraft.network.protocol.PacketUtils.m_263899_(PacketUtils.java:22)
[22:54:44] [ERROR] !   at net.minecraft.util.thread.BlockableEventLoop.m_6367_(BlockableEventLoop.java:156)
[22:54:44] [ERROR] !   at net.minecraft.util.thread.ReentrantBlockableEventLoop.m_6367_(ReentrantBlockableEventLoop.java:23)
[22:54:44] [ERROR] !   at net.minecraft.util.thread.BlockableEventLoop.m_7245_(BlockableEventLoop.java:130)
[22:54:44] [ERROR] !   at net.minecraft.util.thread.BlockableEventLoop.m_18699_(BlockableEventLoop.java:115)
[22:54:44] [ERROR] !   at net.minecraft.client.Minecraft.m_91383_(Minecraft.java:1106)
[22:54:44] [ERROR] !   at net.minecraft.client.Minecraft.m_91374_(Minecraft.java:718)
[22:54:44] [ERROR] !   at net.minecraft.client.main.Main.main(Main.java:218)
[22:54:44] [ERROR] !   at java.lang.reflect.Method.invoke(Unknown Source)
[22:54:44] [ERROR] !   at MC-BOOTSTRAP/fmlloader@1.20.1-47.4.6/net.minecraftforge.fml.loading.targets.CommonLaunchHandler.runTarget(CommonLaunchHandler.java:111)
[22:54:44] [ERROR] !   at MC-BOOTSTRAP/fmlloader@1.20.1-47.4.6/net.minecraftforge.fml.loading.targets.CommonLaunchHandler.clientService(CommonLaunchHandler.java:99)
[22:54:44] [ERROR] !   at MC-BOOTSTRAP/fmlloader@1.20.1-47.4.6/net.minecraftforge.fml.loading.targets.CommonClientLaunchHandler.lambda$makeService$0(CommonClientLaunchHandler.java:25)
[22:54:44] [ERROR] !   at MC-BOOTSTRAP/cpw.mods.modlauncher@10.0.9/cpw.mods.modlauncher.LaunchServiceHandlerDecorator.launch(LaunchServiceHandlerDecorator.java:30)
[22:54:44] [ERROR] !   at MC-BOOTSTRAP/cpw.mods.modlauncher@10.0.9/cpw.mods.modlauncher.LaunchServiceHandler.launch(LaunchServiceHandler.java:53)
[22:54:44] [ERROR] !   at MC-BOOTSTRAP/cpw.mods.modlauncher@10.0.9/cpw.mods.modlauncher.LaunchServiceHandler.launch(LaunchServiceHandler.java:71)
[22:54:44] [ERROR] !   at MC-BOOTSTRAP/cpw.mods.modlauncher@10.0.9/cpw.mods.modlauncher.Launcher.run(Launcher.java:108)
[22:54:44] [ERROR] !   at MC-BOOTSTRAP/cpw.mods.modlauncher@10.0.9/cpw.mods.modlauncher.Launcher.main(Launcher.java:78)
[22:54:44] [ERROR] !   at MC-BOOTSTRAP/cpw.mods.modlauncher@10.0.9/cpw.mods.modlauncher.BootstrapLaunchConsumer.accept(BootstrapLaunchConsumer.java:26)
[22:54:44] [ERROR] !   at MC-BOOTSTRAP/cpw.mods.modlauncher@10.0.9/cpw.mods.modlauncher.BootstrapLaunchConsumer.accept(BootstrapLaunchConsumer.java:23)
[22:54:44] [ERROR] !   at cpw.mods.bootstraplauncher@1.1.2/cpw.mods.bootstraplauncher.BootstrapLauncher.main(BootstrapLauncher.java:141)
[22:56:36] [ERROR] ! Error in 'JEIEvents.hideItems': Non [a-z0-9/._-] character in path of location: create:xycraft_world:raw_aluminum
[22:56:36] [ERROR] ! net.minecraft.ResourceLocationException: Non [a-z0-9/._-] character in path of location: create:xycraft_world:raw_aluminum
[22:56:36] [ERROR] !   at net.minecraft.resources.ResourceLocation.m_245185_(ResourceLocation.java:242)
[22:56:36] [ERROR] !   at net.minecraft.resources.ResourceLocation.<init>(ResourceLocation.java:40)
[22:56:36] [ERROR] !   at net.minecraft.resources.ResourceLocation.<init>(ResourceLocation.java:44)
[22:56:36] [ERROR] !   at net.minecraft.resources.ResourceLocation.<init>(ResourceLocation.java:50)
[22:56:36] [ERROR] !   at …kubejs.item.ingredient.IngredientJS.parse(IngredientJS.java:145)
[22:56:36] [ERROR] !   at …kubejs.item.ingredient.IngredientJS.of(IngredientJS.java:55)
[22:56:36] [ERROR] !   at …kubejs.integration.forge.jei.HideJEIEventJS.hide(HideJEIEventJS.java:35)
[22:56:36] [ERROR] !   at java.lang.reflect.Method.invoke(Unknown Source)
[22:56:36] [ERROR] !   at …rhino.MemberBox.invoke(MemberBox.java:160)
[22:56:36] [ERROR] !   at …rhino.NativeJavaMethod.call(NativeJavaMethod.java:463)
[22:56:36] [ERROR] !   at …rhino.Interpreter.interpretLoop(Interpreter.java:986)
[22:56:36] [ERROR] !   at …rhino.Interpreter.interpret(Interpreter.java:370)
[22:56:36] [ERROR] !   at …rhino.InterpretedFunction.call(InterpretedFunction.java:72)
[22:56:36] [ERROR] !   at …rhino.Context.callSync(Context.java:1357)
[22:56:36] [ERROR] !   at …rhino.ArrowFunction.call(ArrowFunction.java:42)
[22:56:36] [ERROR] !   at …rhino.NativeArray.iterativeMethod(NativeArray.java:1314)
[22:56:36] [ERROR] !   at …rhino.NativeArray.execIdCall(NativeArray.java:1798)
[22:56:36] [ERROR] !   at …rhino.IdFunctionObject.call(IdFunctionObject.java:103)
[22:56:36] [ERROR] !   at …rhino.Interpreter.interpretLoop(Interpreter.java:986)
[22:56:36] [ERROR] !   at …rhino.Interpreter.interpret(Interpreter.java:370)
[22:56:36] [ERROR] !   at …rhino.InterpretedFunction.call(InterpretedFunction.java:72)
[22:56:36] [ERROR] !   at …rhino.Context.callSync(Context.java:1357)
[22:56:36] [ERROR] !   at …rhino.ArrowFunction.call(ArrowFunction.java:42)
[22:56:36] [ERROR] !   at …rhino.NativeArray.iterativeMethod(NativeArray.java:1314)
[22:56:36] [ERROR] !   at …rhino.NativeArray.execIdCall(NativeArray.java:1798)
[22:56:36] [ERROR] !   at …rhino.IdFunctionObject.call(IdFunctionObject.java:103)
[22:56:36] [ERROR] !   at …rhino.Interpreter.interpretLoop(Interpreter.java:986)
[22:56:36] [ERROR] !   at …rhino.Interpreter.interpret(Interpreter.java:370)
[22:56:36] [ERROR] !   at …rhino.InterpretedFunction.call(InterpretedFunction.java:72)
[22:56:36] [ERROR] !   at …rhino.Context.callSync(Context.java:1357)
[22:56:36] [ERROR] !   at …rhino.Context.doTopCall(Context.java:1374)
[22:56:36] [ERROR] !   at …rhino.InterpretedFunction.call(InterpretedFunction.java:70)
[22:56:36] [ERROR] !   at …rhino.Context.callSync(Context.java:1357)
[22:56:36] [ERROR] !   at …rhino.ArrowFunction.call(ArrowFunction.java:42)
[22:56:36] [ERROR] !   at …rhino.Context.callSync(Context.java:1357)
[22:56:36] [ERROR] !   at …rhino.InterfaceAdapter.invoke(InterfaceAdapter.java:125)
[22:56:36] [ERROR] !   at …rhino.VMBridge.lambda$newInterfaceProxy$0(VMBridge.java:74)
[22:56:36] [ERROR] !   at TRANSFORMER/jdk.proxy3/jdk.proxy3.$Proxy95.onEvent(Unknown Source)
[22:56:36] [ERROR] !   at …kubejs.event.EventHandlerContainer.handle(EventHandlerContainer.java:39)
[22:56:36] [ERROR] !   at …kubejs.event.EventHandler.postToHandlers(EventHandler.java:304)
[22:56:36] [ERROR] !   at …kubejs.event.EventHandler.post(EventHandler.java:272)
[22:56:36] [ERROR] !   at …kubejs.event.EventHandler.post(EventHandler.java:226)
[22:56:36] [ERROR] !   at …kubejs.event.EventHandler.post(EventHandler.java:189)
[22:56:36] [ERROR] !   at …kubejs.integration.forge.jei.JEIPlugin.onRuntimeAvailable(JEIPlugin.java:40)
[22:56:36] [ERROR] !   at mezz.jei.library.startup.JeiStarter.lambda$start$3(JeiStarter.java:158)
[22:56:36] [ERROR] !   at mezz.jei.library.load.PluginCaller.callOnPlugins(PluginCaller.java:25)
[22:56:36] [ERROR] !   at mezz.jei.library.startup.JeiStarter.start(JeiStarter.java:158)
[22:56:36] [ERROR] !   at mezz.jei.forge.startup.StartEventObserver.transitionState(StartEventObserver.java:130)
[22:56:36] [ERROR] !   at mezz.jei.forge.startup.StartEventObserver.restart(StartEventObserver.java:109)
[22:56:36] [ERROR] !   at mezz.jei.forge.startup.StartEventObserver.onEvent(StartEventObserver.java:96)
[22:56:36] [ERROR] !   at MC-BOOTSTRAP/net.minecraftforge.eventbus/net.minecraftforge.eventbus.EventBus.doCastFilter(EventBus.java:260)
[22:56:36] [ERROR] !   at MC-BOOTSTRAP/net.minecraftforge.eventbus/net.minecraftforge.eventbus.EventBus.lambda$addListener$11(EventBus.java:252)
[22:56:36] [ERROR] !   at MC-BOOTSTRAP/net.minecraftforge.eventbus/net.minecraftforge.eventbus.EventBus.post(EventBus.java:315)
[22:56:36] [ERROR] !   at MC-BOOTSTRAP/net.minecraftforge.eventbus/net.minecraftforge.eventbus.EventBus.post(EventBus.java:296)
[22:56:36] [ERROR] !   at net.minecraftforge.client.ForgeHooksClient.onRecipesUpdated(ForgeHooksClient.java:718)
[22:56:36] [ERROR] !   at net.minecraft.client.multiplayer.ClientPacketListener.m_6327_(ClientPacketListener.java:1354)
[22:56:36] [ERROR] !   at net.minecraft.network.protocol.game.ClientboundUpdateRecipesPacket.m_5797_(ClientboundUpdateRecipesPacket.java:32)
[22:56:36] [ERROR] !   at net.minecraft.network.protocol.game.ClientboundUpdateRecipesPacket.m_5797_(ClientboundUpdateRecipesPacket.java:14)
[22:56:36] [ERROR] !   at net.minecraft.network.protocol.PacketUtils.m_263899_(PacketUtils.java:22)
[22:56:36] [ERROR] !   at net.minecraft.util.thread.BlockableEventLoop.m_6367_(BlockableEventLoop.java:156)
[22:56:36] [ERROR] !   at net.minecraft.util.thread.ReentrantBlockableEventLoop.m_6367_(ReentrantBlockableEventLoop.java:23)
[22:56:36] [ERROR] !   at net.minecraft.util.thread.BlockableEventLoop.m_7245_(BlockableEventLoop.java:130)
[22:56:36] [ERROR] !   at net.minecraft.util.thread.BlockableEventLoop.m_18699_(BlockableEventLoop.java:115)
[22:56:36] [ERROR] !   at net.minecraft.client.Minecraft.m_91383_(Minecraft.java:1106)
[22:56:36] [ERROR] !   at net.minecraft.client.Minecraft.m_91374_(Minecraft.java:718)
[22:56:36] [ERROR] !   at net.minecraft.client.main.Main.main(Main.java:218)
[22:56:36] [ERROR] !   at java.lang.reflect.Method.invoke(Unknown Source)
[22:56:36] [ERROR] !   at MC-BOOTSTRAP/fmlloader@1.20.1-47.4.6/net.minecraftforge.fml.loading.targets.CommonLaunchHandler.runTarget(CommonLaunchHandler.java:111)
[22:56:36] [ERROR] !   at MC-BOOTSTRAP/fmlloader@1.20.1-47.4.6/net.minecraftforge.fml.loading.targets.CommonLaunchHandler.clientService(CommonLaunchHandler.java:99)
[22:56:36] [ERROR] !   at MC-BOOTSTRAP/fmlloader@1.20.1-47.4.6/net.minecraftforge.fml.loading.targets.CommonClientLaunchHandler.lambda$makeService$0(CommonClientLaunchHandler.java:25)
[22:56:36] [ERROR] !   at MC-BOOTSTRAP/cpw.mods.modlauncher@10.0.9/cpw.mods.modlauncher.LaunchServiceHandlerDecorator.launch(LaunchServiceHandlerDecorator.java:30)
[22:56:36] [ERROR] !   at MC-BOOTSTRAP/cpw.mods.modlauncher@10.0.9/cpw.mods.modlauncher.LaunchServiceHandler.launch(LaunchServiceHandler.java:53)
[22:56:36] [ERROR] !   at MC-BOOTSTRAP/cpw.mods.modlauncher@10.0.9/cpw.mods.modlauncher.LaunchServiceHandler.launch(LaunchServiceHandler.java:71)
[22:56:36] [ERROR] !   at MC-BOOTSTRAP/cpw.mods.modlauncher@10.0.9/cpw.mods.modlauncher.Launcher.run(Launcher.java:108)
[22:56:36] [ERROR] !   at MC-BOOTSTRAP/cpw.mods.modlauncher@10.0.9/cpw.mods.modlauncher.Launcher.main(Launcher.java:78)
[22:56:36] [ERROR] !   at MC-BOOTSTRAP/cpw.mods.modlauncher@10.0.9/cpw.mods.modlauncher.BootstrapLaunchConsumer.accept(BootstrapLaunchConsumer.java:26)
[22:56:36] [ERROR] !   at MC-BOOTSTRAP/cpw.mods.modlauncher@10.0.9/cpw.mods.modlauncher.BootstrapLaunchConsumer.accept(BootstrapLaunchConsumer.java:23)
[22:56:36] [ERROR] !   at cpw.mods.bootstraplauncher@1.1.2/cpw.mods.bootstraplauncher.BootstrapLauncher.main(BootstrapLauncher.java:141)
[23:00:57] [ERROR] ! Error in 'JEIEvents.hideItems': Non [a-z0-9/._-] character in path of location: create:xycraft_world:raw_aluminum
[23:00:57] [ERROR] ! net.minecraft.ResourceLocationException: Non [a-z0-9/._-] character in path of location: create:xycraft_world:raw_aluminum
[23:00:57] [ERROR] !   at net.minecraft.resources.ResourceLocation.m_245185_(ResourceLocation.java:242)
[23:00:57] [ERROR] !   at net.minecraft.resources.ResourceLocation.<init>(ResourceLocation.java:40)
[23:00:57] [ERROR] !   at net.minecraft.resources.ResourceLocation.<init>(ResourceLocation.java:44)
[23:00:57] [ERROR] !   at net.minecraft.resources.ResourceLocation.<init>(ResourceLocation.java:50)
[23:00:57] [ERROR] !   at …kubejs.item.ingredient.IngredientJS.parse(IngredientJS.java:145)
[23:00:57] [ERROR] !   at …kubejs.item.ingredient.IngredientJS.of(IngredientJS.java:55)
[23:00:57] [ERROR] !   at …kubejs.integration.forge.jei.HideJEIEventJS.hide(HideJEIEventJS.java:35)
[23:00:57] [ERROR] !   at java.lang.reflect.Method.invoke(Unknown Source)
[23:00:57] [ERROR] !   at …rhino.MemberBox.invoke(MemberBox.java:160)
[23:00:57] [ERROR] !   at …rhino.NativeJavaMethod.call(NativeJavaMethod.java:463)
[23:00:57] [ERROR] !   at …rhino.Interpreter.interpretLoop(Interpreter.java:986)
[23:00:57] [ERROR] !   at …rhino.Interpreter.interpret(Interpreter.java:370)
[23:00:57] [ERROR] !   at …rhino.InterpretedFunction.call(InterpretedFunction.java:72)
[23:00:57] [ERROR] !   at …rhino.Context.callSync(Context.java:1357)
[23:00:57] [ERROR] !   at …rhino.ArrowFunction.call(ArrowFunction.java:42)
[23:00:57] [ERROR] !   at …rhino.NativeArray.iterativeMethod(NativeArray.java:1314)
[23:00:57] [ERROR] !   at …rhino.NativeArray.execIdCall(NativeArray.java:1798)
[23:00:57] [ERROR] !   at …rhino.IdFunctionObject.call(IdFunctionObject.java:103)
[23:00:57] [ERROR] !   at …rhino.Interpreter.interpretLoop(Interpreter.java:986)
[23:00:57] [ERROR] !   at …rhino.Interpreter.interpret(Interpreter.java:370)
[23:00:57] [ERROR] !   at …rhino.InterpretedFunction.call(InterpretedFunction.java:72)
[23:00:57] [ERROR] !   at …rhino.Context.callSync(Context.java:1357)
[23:00:57] [ERROR] !   at …rhino.ArrowFunction.call(ArrowFunction.java:42)
[23:00:57] [ERROR] !   at …rhino.NativeArray.iterativeMethod(NativeArray.java:1314)
[23:00:57] [ERROR] !   at …rhino.NativeArray.execIdCall(NativeArray.java:1798)
[23:00:57] [ERROR] !   at …rhino.IdFunctionObject.call(IdFunctionObject.java:103)
[23:00:57] [ERROR] !   at …rhino.Interpreter.interpretLoop(Interpreter.java:986)
[23:00:57] [ERROR] !   at …rhino.Interpreter.interpret(Interpreter.java:370)
[23:00:57] [ERROR] !   at …rhino.InterpretedFunction.call(InterpretedFunction.java:72)
[23:00:57] [ERROR] !   at …rhino.Context.callSync(Context.java:1357)
[23:00:57] [ERROR] !   at …rhino.Context.doTopCall(Context.java:1374)
[23:00:57] [ERROR] !   at …rhino.InterpretedFunction.call(InterpretedFunction.java:70)
[23:00:57] [ERROR] !   at …rhino.Context.callSync(Context.java:1357)
[23:00:57] [ERROR] !   at …rhino.ArrowFunction.call(ArrowFunction.java:42)
[23:00:57] [ERROR] !   at …rhino.Context.callSync(Context.java:1357)
[23:00:57] [ERROR] !   at …rhino.InterfaceAdapter.invoke(InterfaceAdapter.java:125)
[23:00:57] [ERROR] !   at …rhino.VMBridge.lambda$newInterfaceProxy$0(VMBridge.java:74)
[23:00:57] [ERROR] !   at TRANSFORMER/jdk.proxy3/jdk.proxy3.$Proxy95.onEvent(Unknown Source)
[23:00:57] [ERROR] !   at …kubejs.event.EventHandlerContainer.handle(EventHandlerContainer.java:39)
[23:00:57] [ERROR] !   at …kubejs.event.EventHandler.postToHandlers(EventHandler.java:304)
[23:00:57] [ERROR] !   at …kubejs.event.EventHandler.post(EventHandler.java:272)
[23:00:57] [ERROR] !   at …kubejs.event.EventHandler.post(EventHandler.java:226)
[23:00:57] [ERROR] !   at …kubejs.event.EventHandler.post(EventHandler.java:189)
[23:00:57] [ERROR] !   at …kubejs.integration.forge.jei.JEIPlugin.onRuntimeAvailable(JEIPlugin.java:40)
[23:00:57] [ERROR] !   at mezz.jei.library.startup.JeiStarter.lambda$start$3(JeiStarter.java:158)
[23:00:57] [ERROR] !   at mezz.jei.library.load.PluginCaller.callOnPlugins(PluginCaller.java:25)
[23:00:57] [ERROR] !   at mezz.jei.library.startup.JeiStarter.start(JeiStarter.java:158)
[23:00:57] [ERROR] !   at mezz.jei.forge.startup.StartEventObserver.transitionState(StartEventObserver.java:130)
[23:00:57] [ERROR] !   at mezz.jei.forge.startup.StartEventObserver.restart(StartEventObserver.java:109)
[23:00:57] [ERROR] !   at mezz.jei.forge.startup.StartEventObserver.onEvent(StartEventObserver.java:96)
[23:00:57] [ERROR] !   at MC-BOOTSTRAP/net.minecraftforge.eventbus/net.minecraftforge.eventbus.EventBus.doCastFilter(EventBus.java:260)
[23:00:57] [ERROR] !   at MC-BOOTSTRAP/net.minecraftforge.eventbus/net.minecraftforge.eventbus.EventBus.lambda$addListener$11(EventBus.java:252)
[23:00:57] [ERROR] !   at MC-BOOTSTRAP/net.minecraftforge.eventbus/net.minecraftforge.eventbus.EventBus.post(EventBus.java:315)
[23:00:57] [ERROR] !   at MC-BOOTSTRAP/net.minecraftforge.eventbus/net.minecraftforge.eventbus.EventBus.post(EventBus.java:296)
[23:00:57] [ERROR] !   at net.minecraftforge.client.ForgeHooksClient.onRecipesUpdated(ForgeHooksClient.java:718)
[23:00:57] [ERROR] !   at net.minecraft.client.multiplayer.ClientPacketListener.m_6327_(ClientPacketListener.java:1354)
[23:00:57] [ERROR] !   at net.minecraft.network.protocol.game.ClientboundUpdateRecipesPacket.m_5797_(ClientboundUpdateRecipesPacket.java:32)
[23:00:57] [ERROR] !   at net.minecraft.network.protocol.game.ClientboundUpdateRecipesPacket.m_5797_(ClientboundUpdateRecipesPacket.java:14)
[23:00:57] [ERROR] !   at net.minecraft.network.protocol.PacketUtils.m_263899_(PacketUtils.java:22)
[23:00:57] [ERROR] !   at net.minecraft.util.thread.BlockableEventLoop.m_6367_(BlockableEventLoop.java:156)
[23:00:57] [ERROR] !   at net.minecraft.util.thread.ReentrantBlockableEventLoop.m_6367_(ReentrantBlockableEventLoop.java:23)
[23:00:57] [ERROR] !   at net.minecraft.util.thread.BlockableEventLoop.m_7245_(BlockableEventLoop.java:130)
[23:00:57] [ERROR] !   at net.minecraft.util.thread.BlockableEventLoop.m_18699_(BlockableEventLoop.java:115)
[23:00:57] [ERROR] !   at net.minecraft.client.Minecraft.m_91383_(Minecraft.java:1106)
[23:00:57] [ERROR] !   at net.minecraft.client.Minecraft.m_91374_(Minecraft.java:718)
[23:00:57] [ERROR] !   at net.minecraft.client.main.Main.main(Main.java:218)
[23:00:57] [ERROR] !   at java.lang.reflect.Method.invoke(Unknown Source)
[23:00:57] [ERROR] !   at MC-BOOTSTRAP/fmlloader@1.20.1-47.4.6/net.minecraftforge.fml.loading.targets.CommonLaunchHandler.runTarget(CommonLaunchHandler.java:111)
[23:00:57] [ERROR] !   at MC-BOOTSTRAP/fmlloader@1.20.1-47.4.6/net.minecraftforge.fml.loading.targets.CommonLaunchHandler.clientService(CommonLaunchHandler.java:99)
[23:00:57] [ERROR] !   at MC-BOOTSTRAP/fmlloader@1.20.1-47.4.6/net.minecraftforge.fml.loading.targets.CommonClientLaunchHandler.lambda$makeService$0(CommonClientLaunchHandler.java:25)
[23:00:57] [ERROR] !   at MC-BOOTSTRAP/cpw.mods.modlauncher@10.0.9/cpw.mods.modlauncher.LaunchServiceHandlerDecorator.launch(LaunchServiceHandlerDecorator.java:30)
[23:00:57] [ERROR] !   at MC-BOOTSTRAP/cpw.mods.modlauncher@10.0.9/cpw.mods.modlauncher.LaunchServiceHandler.launch(LaunchServiceHandler.java:53)
[23:00:57] [ERROR] !   at MC-BOOTSTRAP/cpw.mods.modlauncher@10.0.9/cpw.mods.modlauncher.LaunchServiceHandler.launch(LaunchServiceHandler.java:71)
[23:00:57] [ERROR] !   at MC-BOOTSTRAP/cpw.mods.modlauncher@10.0.9/cpw.mods.modlauncher.Launcher.run(Launcher.java:108)
[23:00:57] [ERROR] !   at MC-BOOTSTRAP/cpw.mods.modlauncher@10.0.9/cpw.mods.modlauncher.Launcher.main(Launcher.java:78)
[23:00:57] [ERROR] !   at MC-BOOTSTRAP/cpw.mods.modlauncher@10.0.9/cpw.mods.modlauncher.BootstrapLaunchConsumer.accept(BootstrapLaunchConsumer.java:26)
[23:00:57] [ERROR] !   at MC-BOOTSTRAP/cpw.mods.modlauncher@10.0.9/cpw.mods.modlauncher.BootstrapLaunchConsumer.accept(BootstrapLaunchConsumer.java:23)
[23:00:57] [ERROR] !   at cpw.mods.bootstraplauncher@1.1.2/cpw.mods.bootstraplauncher.BootstrapLauncher.main(BootstrapLauncher.java:141)
[23:02:49] [ERROR] ! Error in 'JEIEvents.hideItems': Non [a-z0-9/._-] character in path of location: create:xycraft_world:raw_aluminum
[23:02:49] [ERROR] ! net.minecraft.ResourceLocationException: Non [a-z0-9/._-] character in path of location: create:xycraft_world:raw_aluminum
[23:02:49] [ERROR] !   at net.minecraft.resources.ResourceLocation.m_245185_(ResourceLocation.java:242)
[23:02:49] [ERROR] !   at net.minecraft.resources.ResourceLocation.<init>(ResourceLocation.java:40)
[23:02:49] [ERROR] !   at net.minecraft.resources.ResourceLocation.<init>(ResourceLocation.java:44)
[23:02:49] [ERROR] !   at net.minecraft.resources.ResourceLocation.<init>(ResourceLocation.java:50)
[23:02:49] [ERROR] !   at …kubejs.item.ingredient.IngredientJS.parse(IngredientJS.java:145)
[23:02:49] [ERROR] !   at …kubejs.item.ingredient.IngredientJS.of(IngredientJS.java:55)
[23:02:49] [ERROR] !   at …kubejs.integration.forge.jei.HideJEIEventJS.hide(HideJEIEventJS.java:35)
[23:02:49] [ERROR] !   at java.lang.reflect.Method.invoke(Unknown Source)
[23:02:49] [ERROR] !   at …rhino.MemberBox.invoke(MemberBox.java:160)
[23:02:49] [ERROR] !   at …rhino.NativeJavaMethod.call(NativeJavaMethod.java:463)
[23:02:49] [ERROR] !   at …rhino.Interpreter.interpretLoop(Interpreter.java:986)
[23:02:49] [ERROR] !   at …rhino.Interpreter.interpret(Interpreter.java:370)
[23:02:49] [ERROR] !   at …rhino.InterpretedFunction.call(InterpretedFunction.java:72)
[23:02:49] [ERROR] !   at …rhino.Context.callSync(Context.java:1357)
[23:02:49] [ERROR] !   at …rhino.ArrowFunction.call(ArrowFunction.java:42)
[23:02:49] [ERROR] !   at …rhino.NativeArray.iterativeMethod(NativeArray.java:1314)
[23:02:49] [ERROR] !   at …rhino.NativeArray.execIdCall(NativeArray.java:1798)
[23:02:49] [ERROR] !   at …rhino.IdFunctionObject.call(IdFunctionObject.java:103)
[23:02:49] [ERROR] !   at …rhino.Interpreter.interpretLoop(Interpreter.java:986)
[23:02:49] [ERROR] !   at …rhino.Interpreter.interpret(Interpreter.java:370)
[23:02:49] [ERROR] !   at …rhino.InterpretedFunction.call(InterpretedFunction.java:72)
[23:02:49] [ERROR] !   at …rhino.Context.callSync(Context.java:1357)
[23:02:49] [ERROR] !   at …rhino.ArrowFunction.call(ArrowFunction.java:42)
[23:02:49] [ERROR] !   at …rhino.NativeArray.iterativeMethod(NativeArray.java:1314)
[23:02:49] [ERROR] !   at …rhino.NativeArray.execIdCall(NativeArray.java:1798)
[23:02:49] [ERROR] !   at …rhino.IdFunctionObject.call(IdFunctionObject.java:103)
[23:02:49] [ERROR] !   at …rhino.Interpreter.interpretLoop(Interpreter.java:986)
[23:02:49] [ERROR] !   at …rhino.Interpreter.interpret(Interpreter.java:370)
[23:02:49] [ERROR] !   at …rhino.InterpretedFunction.call(InterpretedFunction.java:72)
[23:02:49] [ERROR] !   at …rhino.Context.callSync(Context.java:1357)
[23:02:49] [ERROR] !   at …rhino.Context.doTopCall(Context.java:1374)
[23:02:49] [ERROR] !   at …rhino.InterpretedFunction.call(InterpretedFunction.java:70)
[23:02:49] [ERROR] !   at …rhino.Context.callSync(Context.java:1357)
[23:02:49] [ERROR] !   at …rhino.ArrowFunction.call(ArrowFunction.java:42)
[23:02:49] [ERROR] !   at …rhino.Context.callSync(Context.java:1357)
[23:02:49] [ERROR] !   at …rhino.InterfaceAdapter.invoke(InterfaceAdapter.java:125)
[23:02:49] [ERROR] !   at …rhino.VMBridge.lambda$newInterfaceProxy$0(VMBridge.java:74)
[23:02:49] [ERROR] !   at TRANSFORMER/jdk.proxy3/jdk.proxy3.$Proxy95.onEvent(Unknown Source)
[23:02:49] [ERROR] !   at …kubejs.event.EventHandlerContainer.handle(EventHandlerContainer.java:39)
[23:02:49] [ERROR] !   at …kubejs.event.EventHandler.postToHandlers(EventHandler.java:304)
[23:02:49] [ERROR] !   at …kubejs.event.EventHandler.post(EventHandler.java:272)
[23:02:49] [ERROR] !   at …kubejs.event.EventHandler.post(EventHandler.java:226)
[23:02:49] [ERROR] !   at …kubejs.event.EventHandler.post(EventHandler.java:189)
[23:02:49] [ERROR] !   at …kubejs.integration.forge.jei.JEIPlugin.onRuntimeAvailable(JEIPlugin.java:40)
[23:02:49] [ERROR] !   at mezz.jei.library.startup.JeiStarter.lambda$start$3(JeiStarter.java:158)
[23:02:49] [ERROR] !   at mezz.jei.library.load.PluginCaller.callOnPlugins(PluginCaller.java:25)
[23:02:49] [ERROR] !   at mezz.jei.library.startup.JeiStarter.start(JeiStarter.java:158)
[23:02:49] [ERROR] !   at mezz.jei.forge.startup.StartEventObserver.transitionState(StartEventObserver.java:130)
[23:02:49] [ERROR] !   at mezz.jei.forge.startup.StartEventObserver.restart(StartEventObserver.java:109)
[23:02:49] [ERROR] !   at mezz.jei.forge.startup.StartEventObserver.onEvent(StartEventObserver.java:96)
[23:02:49] [ERROR] !   at MC-BOOTSTRAP/net.minecraftforge.eventbus/net.minecraftforge.eventbus.EventBus.doCastFilter(EventBus.java:260)
[23:02:49] [ERROR] !   at MC-BOOTSTRAP/net.minecraftforge.eventbus/net.minecraftforge.eventbus.EventBus.lambda$addListener$11(EventBus.java:252)
[23:02:49] [ERROR] !   at MC-BOOTSTRAP/net.minecraftforge.eventbus/net.minecraftforge.eventbus.EventBus.post(EventBus.java:315)
[23:02:49] [ERROR] !   at MC-BOOTSTRAP/net.minecraftforge.eventbus/net.minecraftforge.eventbus.EventBus.post(EventBus.java:296)
[23:02:49] [ERROR] !   at net.minecraftforge.client.ForgeHooksClient.onRecipesUpdated(ForgeHooksClient.java:718)
[23:02:49] [ERROR] !   at net.minecraft.client.multiplayer.ClientPacketListener.m_6327_(ClientPacketListener.java:1354)
[23:02:49] [ERROR] !   at net.minecraft.network.protocol.game.ClientboundUpdateRecipesPacket.m_5797_(ClientboundUpdateRecipesPacket.java:32)
[23:02:49] [ERROR] !   at net.minecraft.network.protocol.game.ClientboundUpdateRecipesPacket.m_5797_(ClientboundUpdateRecipesPacket.java:14)
[23:02:49] [ERROR] !   at net.minecraft.network.protocol.PacketUtils.m_263899_(PacketUtils.java:22)
[23:02:49] [ERROR] !   at net.minecraft.util.thread.BlockableEventLoop.m_6367_(BlockableEventLoop.java:156)
[23:02:49] [ERROR] !   at net.minecraft.util.thread.ReentrantBlockableEventLoop.m_6367_(ReentrantBlockableEventLoop.java:23)
[23:02:49] [ERROR] !   at net.minecraft.util.thread.BlockableEventLoop.m_7245_(BlockableEventLoop.java:130)
[23:02:49] [ERROR] !   at net.minecraft.util.thread.BlockableEventLoop.m_18699_(BlockableEventLoop.java:115)
[23:02:49] [ERROR] !   at net.minecraft.client.Minecraft.m_91383_(Minecraft.java:1106)
[23:02:49] [ERROR] !   at net.minecraft.client.Minecraft.m_91374_(Minecraft.java:718)
[23:02:49] [ERROR] !   at net.minecraft.client.main.Main.main(Main.java:218)
[23:02:49] [ERROR] !   at java.lang.reflect.Method.invoke(Unknown Source)
[23:02:49] [ERROR] !   at MC-BOOTSTRAP/fmlloader@1.20.1-47.4.6/net.minecraftforge.fml.loading.targets.CommonLaunchHandler.runTarget(CommonLaunchHandler.java:111)
[23:02:49] [ERROR] !   at MC-BOOTSTRAP/fmlloader@1.20.1-47.4.6/net.minecraftforge.fml.loading.targets.CommonLaunchHandler.clientService(CommonLaunchHandler.java:99)
[23:02:49] [ERROR] !   at MC-BOOTSTRAP/fmlloader@1.20.1-47.4.6/net.minecraftforge.fml.loading.targets.CommonClientLaunchHandler.lambda$makeService$0(CommonClientLaunchHandler.java:25)
[23:02:49] [ERROR] !   at MC-BOOTSTRAP/cpw.mods.modlauncher@10.0.9/cpw.mods.modlauncher.LaunchServiceHandlerDecorator.launch(LaunchServiceHandlerDecorator.java:30)
[23:02:49] [ERROR] !   at MC-BOOTSTRAP/cpw.mods.modlauncher@10.0.9/cpw.mods.modlauncher.LaunchServiceHandler.launch(LaunchServiceHandler.java:53)
[23:02:49] [ERROR] !   at MC-BOOTSTRAP/cpw.mods.modlauncher@10.0.9/cpw.mods.modlauncher.LaunchServiceHandler.launch(LaunchServiceHandler.java:71)
[23:02:49] [ERROR] !   at MC-BOOTSTRAP/cpw.mods.modlauncher@10.0.9/cpw.mods.modlauncher.Launcher.run(Launcher.java:108)
[23:02:49] [ERROR] !   at MC-BOOTSTRAP/cpw.mods.modlauncher@10.0.9/cpw.mods.modlauncher.Launcher.main(Launcher.java:78)
[23:02:49] [ERROR] !   at MC-BOOTSTRAP/cpw.mods.modlauncher@10.0.9/cpw.mods.modlauncher.BootstrapLaunchConsumer.accept(BootstrapLaunchConsumer.java:26)
[23:02:49] [ERROR] !   at MC-BOOTSTRAP/cpw.mods.modlauncher@10.0.9/cpw.mods.modlauncher.BootstrapLaunchConsumer.accept(BootstrapLaunchConsumer.java:23)
[23:02:49] [ERROR] !   at cpw.mods.bootstraplauncher@1.1.2/cpw.mods.bootstraplauncher.BootstrapLauncher.main(BootstrapLauncher.java:141)
[23:18:16] [ERROR] ! Error in 'JEIEvents.hideItems': Non [a-z0-9/._-] character in path of location: create:xycraft_world:raw_aluminum
[23:18:16] [ERROR] ! net.minecraft.ResourceLocationException: Non [a-z0-9/._-] character in path of location: create:xycraft_world:raw_aluminum
[23:18:16] [ERROR] !   at net.minecraft.resources.ResourceLocation.m_245185_(ResourceLocation.java:242)
[23:18:16] [ERROR] !   at net.minecraft.resources.ResourceLocation.<init>(ResourceLocation.java:40)
[23:18:16] [ERROR] !   at net.minecraft.resources.ResourceLocation.<init>(ResourceLocation.java:44)
[23:18:16] [ERROR] !   at net.minecraft.resources.ResourceLocation.<init>(ResourceLocation.java:50)
[23:18:16] [ERROR] !   at …kubejs.item.ingredient.IngredientJS.parse(IngredientJS.java:145)
[23:18:16] [ERROR] !   at …kubejs.item.ingredient.IngredientJS.of(IngredientJS.java:55)
[23:18:16] [ERROR] !   at …kubejs.integration.forge.jei.HideJEIEventJS.hide(HideJEIEventJS.java:35)
[23:18:16] [ERROR] !   at java.lang.reflect.Method.invoke(Unknown Source)
[23:18:16] [ERROR] !   at …rhino.MemberBox.invoke(MemberBox.java:160)
[23:18:16] [ERROR] !   at …rhino.NativeJavaMethod.call(NativeJavaMethod.java:463)
[23:18:16] [ERROR] !   at …rhino.Interpreter.interpretLoop(Interpreter.java:986)
[23:18:16] [ERROR] !   at …rhino.Interpreter.interpret(Interpreter.java:370)
[23:18:16] [ERROR] !   at …rhino.InterpretedFunction.call(InterpretedFunction.java:72)
[23:18:16] [ERROR] !   at …rhino.Context.callSync(Context.java:1357)
[23:18:16] [ERROR] !   at …rhino.ArrowFunction.call(ArrowFunction.java:42)
[23:18:16] [ERROR] !   at …rhino.NativeArray.iterativeMethod(NativeArray.java:1314)
[23:18:16] [ERROR] !   at …rhino.NativeArray.execIdCall(NativeArray.java:1798)
[23:18:16] [ERROR] !   at …rhino.IdFunctionObject.call(IdFunctionObject.java:103)
[23:18:16] [ERROR] !   at …rhino.Interpreter.interpretLoop(Interpreter.java:986)
[23:18:16] [ERROR] !   at …rhino.Interpreter.interpret(Interpreter.java:370)
[23:18:16] [ERROR] !   at …rhino.InterpretedFunction.call(InterpretedFunction.java:72)
[23:18:16] [ERROR] !   at …rhino.Context.callSync(Context.java:1357)
[23:18:16] [ERROR] !   at …rhino.ArrowFunction.call(ArrowFunction.java:42)
[23:18:16] [ERROR] !   at …rhino.NativeArray.iterativeMethod(NativeArray.java:1314)
[23:18:16] [ERROR] !   at …rhino.NativeArray.execIdCall(NativeArray.java:1798)
[23:18:16] [ERROR] !   at …rhino.IdFunctionObject.call(IdFunctionObject.java:103)
[23:18:16] [ERROR] !   at …rhino.Interpreter.interpretLoop(Interpreter.java:986)
[23:18:16] [ERROR] !   at …rhino.Interpreter.interpret(Interpreter.java:370)
[23:18:16] [ERROR] !   at …rhino.InterpretedFunction.call(InterpretedFunction.java:72)
[23:18:16] [ERROR] !   at …rhino.Context.callSync(Context.java:1357)
[23:18:16] [ERROR] !   at …rhino.Context.doTopCall(Context.java:1374)
[23:18:16] [ERROR] !   at …rhino.InterpretedFunction.call(InterpretedFunction.java:70)
[23:18:16] [ERROR] !   at …rhino.Context.callSync(Context.java:1357)
[23:18:16] [ERROR] !   at …rhino.ArrowFunction.call(ArrowFunction.java:42)
[23:18:16] [ERROR] !   at …rhino.Context.callSync(Context.java:1357)
[23:18:16] [ERROR] !   at …rhino.InterfaceAdapter.invoke(InterfaceAdapter.java:125)
[23:18:16] [ERROR] !   at …rhino.VMBridge.lambda$newInterfaceProxy$0(VMBridge.java:74)
[23:18:16] [ERROR] !   at TRANSFORMER/jdk.proxy3/jdk.proxy3.$Proxy95.onEvent(Unknown Source)
[23:18:16] [ERROR] !   at …kubejs.event.EventHandlerContainer.handle(EventHandlerContainer.java:39)
[23:18:16] [ERROR] !   at …kubejs.event.EventHandler.postToHandlers(EventHandler.java:304)
[23:18:16] [ERROR] !   at …kubejs.event.EventHandler.post(EventHandler.java:272)
[23:18:16] [ERROR] !   at …kubejs.event.EventHandler.post(EventHandler.java:226)
[23:18:16] [ERROR] !   at …kubejs.event.EventHandler.post(EventHandler.java:189)
[23:18:16] [ERROR] !   at …kubejs.integration.forge.jei.JEIPlugin.onRuntimeAvailable(JEIPlugin.java:40)
[23:18:16] [ERROR] !   at mezz.jei.library.startup.JeiStarter.lambda$start$3(JeiStarter.java:158)
[23:18:16] [ERROR] !   at mezz.jei.library.load.PluginCaller.callOnPlugins(PluginCaller.java:25)
[23:18:16] [ERROR] !   at mezz.jei.library.startup.JeiStarter.start(JeiStarter.java:158)
[23:18:16] [ERROR] !   at mezz.jei.forge.startup.StartEventObserver.transitionState(StartEventObserver.java:130)
[23:18:16] [ERROR] !   at mezz.jei.forge.startup.StartEventObserver.restart(StartEventObserver.java:109)
[23:18:16] [ERROR] !   at mezz.jei.forge.startup.StartEventObserver.onEvent(StartEventObserver.java:96)
[23:18:16] [ERROR] !   at MC-BOOTSTRAP/net.minecraftforge.eventbus/net.minecraftforge.eventbus.EventBus.doCastFilter(EventBus.java:260)
[23:18:16] [ERROR] !   at MC-BOOTSTRAP/net.minecraftforge.eventbus/net.minecraftforge.eventbus.EventBus.lambda$addListener$11(EventBus.java:252)
[23:18:16] [ERROR] !   at MC-BOOTSTRAP/net.minecraftforge.eventbus/net.minecraftforge.eventbus.EventBus.post(EventBus.java:315)
[23:18:16] [ERROR] !   at MC-BOOTSTRAP/net.minecraftforge.eventbus/net.minecraftforge.eventbus.EventBus.post(EventBus.java:296)
[23:18:16] [ERROR] !   at net.minecraftforge.client.ForgeHooksClient.onRecipesUpdated(ForgeHooksClient.java:718)
[23:18:16] [ERROR] !   at net.minecraft.client.multiplayer.ClientPacketListener.m_6327_(ClientPacketListener.java:1354)
[23:18:16] [ERROR] !   at net.minecraft.network.protocol.game.ClientboundUpdateRecipesPacket.m_5797_(ClientboundUpdateRecipesPacket.java:32)
[23:18:16] [ERROR] !   at net.minecraft.network.protocol.game.ClientboundUpdateRecipesPacket.m_5797_(ClientboundUpdateRecipesPacket.java:14)
[23:18:16] [ERROR] !   at net.minecraft.network.protocol.PacketUtils.m_263899_(PacketUtils.java:22)
[23:18:16] [ERROR] !   at net.minecraft.util.thread.BlockableEventLoop.m_6367_(BlockableEventLoop.java:156)
[23:18:16] [ERROR] !   at net.minecraft.util.thread.ReentrantBlockableEventLoop.m_6367_(ReentrantBlockableEventLoop.java:23)
[23:18:16] [ERROR] !   at net.minecraft.util.thread.BlockableEventLoop.m_7245_(BlockableEventLoop.java:130)
[23:18:16] [ERROR] !   at net.minecraft.util.thread.BlockableEventLoop.m_18699_(BlockableEventLoop.java:115)
[23:18:16] [ERROR] !   at net.minecraft.client.Minecraft.m_91383_(Minecraft.java:1106)
[23:18:16] [ERROR] !   at net.minecraft.client.Minecraft.m_91374_(Minecraft.java:718)
[23:18:16] [ERROR] !   at net.minecraft.client.main.Main.main(Main.java:218)
[23:18:16] [ERROR] !   at java.lang.reflect.Method.invoke(Unknown Source)
[23:18:16] [ERROR] !   at MC-BOOTSTRAP/fmlloader@1.20.1-47.4.6/net.minecraftforge.fml.loading.targets.CommonLaunchHandler.runTarget(CommonLaunchHandler.java:111)
[23:18:16] [ERROR] !   at MC-BOOTSTRAP/fmlloader@1.20.1-47.4.6/net.minecraftforge.fml.loading.targets.CommonLaunchHandler.clientService(CommonLaunchHandler.java:99)
[23:18:16] [ERROR] !   at MC-BOOTSTRAP/fmlloader@1.20.1-47.4.6/net.minecraftforge.fml.loading.targets.CommonClientLaunchHandler.lambda$makeService$0(CommonClientLaunchHandler.java:25)
[23:18:16] [ERROR] !   at MC-BOOTSTRAP/cpw.mods.modlauncher@10.0.9/cpw.mods.modlauncher.LaunchServiceHandlerDecorator.launch(LaunchServiceHandlerDecorator.java:30)
[23:18:16] [ERROR] !   at MC-BOOTSTRAP/cpw.mods.modlauncher@10.0.9/cpw.mods.modlauncher.LaunchServiceHandler.launch(LaunchServiceHandler.java:53)
[23:18:16] [ERROR] !   at MC-BOOTSTRAP/cpw.mods.modlauncher@10.0.9/cpw.mods.modlauncher.LaunchServiceHandler.launch(LaunchServiceHandler.java:71)
[23:18:16] [ERROR] !   at MC-BOOTSTRAP/cpw.mods.modlauncher@10.0.9/cpw.mods.modlauncher.Launcher.run(Launcher.java:108)
[23:18:16] [ERROR] !   at MC-BOOTSTRAP/cpw.mods.modlauncher@10.0.9/cpw.mods.modlauncher.Launcher.main(Launcher.java:78)
[23:18:16] [ERROR] !   at MC-BOOTSTRAP/cpw.mods.modlauncher@10.0.9/cpw.mods.modlauncher.BootstrapLaunchConsumer.accept(BootstrapLaunchConsumer.java:26)
[23:18:16] [ERROR] !   at MC-BOOTSTRAP/cpw.mods.modlauncher@10.0.9/cpw.mods.modlauncher.BootstrapLaunchConsumer.accept(BootstrapLaunchConsumer.java:23)
[23:18:16] [ERROR] !   at cpw.mods.bootstraplauncher@1.1.2/cpw.mods.bootstraplauncher.BootstrapLauncher.main(BootstrapLauncher.java:141)
[23:21:42] [ERROR] ! Error in 'JEIEvents.hideItems': Non [a-z0-9/._-] character in path of location: create:xycraft_world:raw_aluminum
[23:21:42] [ERROR] ! net.minecraft.ResourceLocationException: Non [a-z0-9/._-] character in path of location: create:xycraft_world:raw_aluminum
[23:21:42] [ERROR] !   at net.minecraft.resources.ResourceLocation.m_245185_(ResourceLocation.java:242)
[23:21:42] [ERROR] !   at net.minecraft.resources.ResourceLocation.<init>(ResourceLocation.java:40)
[23:21:42] [ERROR] !   at net.minecraft.resources.ResourceLocation.<init>(ResourceLocation.java:44)
[23:21:42] [ERROR] !   at net.minecraft.resources.ResourceLocation.<init>(ResourceLocation.java:50)
[23:21:42] [ERROR] !   at …kubejs.item.ingredient.IngredientJS.parse(IngredientJS.java:145)
[23:21:42] [ERROR] !   at …kubejs.item.ingredient.IngredientJS.of(IngredientJS.java:55)
[23:21:42] [ERROR] !   at …kubejs.integration.forge.jei.HideJEIEventJS.hide(HideJEIEventJS.java:35)
[23:21:42] [ERROR] !   at java.lang.reflect.Method.invoke(Unknown Source)
[23:21:42] [ERROR] !   at …rhino.MemberBox.invoke(MemberBox.java:160)
[23:21:42] [ERROR] !   at …rhino.NativeJavaMethod.call(NativeJavaMethod.java:463)
[23:21:42] [ERROR] !   at …rhino.Interpreter.interpretLoop(Interpreter.java:986)
[23:21:42] [ERROR] !   at …rhino.Interpreter.interpret(Interpreter.java:370)
[23:21:42] [ERROR] !   at …rhino.InterpretedFunction.call(InterpretedFunction.java:72)
[23:21:42] [ERROR] !   at …rhino.Context.callSync(Context.java:1357)
[23:21:42] [ERROR] !   at …rhino.ArrowFunction.call(ArrowFunction.java:42)
[23:21:42] [ERROR] !   at …rhino.NativeArray.iterativeMethod(NativeArray.java:1314)
[23:21:42] [ERROR] !   at …rhino.NativeArray.execIdCall(NativeArray.java:1798)
[23:21:42] [ERROR] !   at …rhino.IdFunctionObject.call(IdFunctionObject.java:103)
[23:21:42] [ERROR] !   at …rhino.Interpreter.interpretLoop(Interpreter.java:986)
[23:21:42] [ERROR] !   at …rhino.Interpreter.interpret(Interpreter.java:370)
[23:21:42] [ERROR] !   at …rhino.InterpretedFunction.call(InterpretedFunction.java:72)
[23:21:42] [ERROR] !   at …rhino.Context.callSync(Context.java:1357)
[23:21:42] [ERROR] !   at …rhino.ArrowFunction.call(ArrowFunction.java:42)
[23:21:42] [ERROR] !   at …rhino.NativeArray.iterativeMethod(NativeArray.java:1314)
[23:21:42] [ERROR] !   at …rhino.NativeArray.execIdCall(NativeArray.java:1798)
[23:21:42] [ERROR] !   at …rhino.IdFunctionObject.call(IdFunctionObject.java:103)
[23:21:42] [ERROR] !   at …rhino.Interpreter.interpretLoop(Interpreter.java:986)
[23:21:42] [ERROR] !   at …rhino.Interpreter.interpret(Interpreter.java:370)
[23:21:42] [ERROR] !   at …rhino.InterpretedFunction.call(InterpretedFunction.java:72)
[23:21:42] [ERROR] !   at …rhino.Context.callSync(Context.java:1357)
[23:21:42] [ERROR] !   at …rhino.Context.doTopCall(Context.java:1374)
[23:21:42] [ERROR] !   at …rhino.InterpretedFunction.call(InterpretedFunction.java:70)
[23:21:42] [ERROR] !   at …rhino.Context.callSync(Context.java:1357)
[23:21:42] [ERROR] !   at …rhino.ArrowFunction.call(ArrowFunction.java:42)
[23:21:42] [ERROR] !   at …rhino.Context.callSync(Context.java:1357)
[23:21:42] [ERROR] !   at …rhino.InterfaceAdapter.invoke(InterfaceAdapter.java:125)
[23:21:42] [ERROR] !   at …rhino.VMBridge.lambda$newInterfaceProxy$0(VMBridge.java:74)
[23:21:42] [ERROR] !   at TRANSFORMER/jdk.proxy3/jdk.proxy3.$Proxy95.onEvent(Unknown Source)
[23:21:42] [ERROR] !   at …kubejs.event.EventHandlerContainer.handle(EventHandlerContainer.java:39)
[23:21:42] [ERROR] !   at …kubejs.event.EventHandler.postToHandlers(EventHandler.java:304)
[23:21:42] [ERROR] !   at …kubejs.event.EventHandler.post(EventHandler.java:272)
[23:21:42] [ERROR] !   at …kubejs.event.EventHandler.post(EventHandler.java:226)
[23:21:42] [ERROR] !   at …kubejs.event.EventHandler.post(EventHandler.java:189)
[23:21:42] [ERROR] !   at …kubejs.integration.forge.jei.JEIPlugin.onRuntimeAvailable(JEIPlugin.java:40)
[23:21:42] [ERROR] !   at mezz.jei.library.startup.JeiStarter.lambda$start$3(JeiStarter.java:158)
[23:21:42] [ERROR] !   at mezz.jei.library.load.PluginCaller.callOnPlugins(PluginCaller.java:25)
[23:21:42] [ERROR] !   at mezz.jei.library.startup.JeiStarter.start(JeiStarter.java:158)
[23:21:42] [ERROR] !   at mezz.jei.forge.startup.StartEventObserver.transitionState(StartEventObserver.java:130)
[23:21:42] [ERROR] !   at mezz.jei.forge.startup.StartEventObserver.restart(StartEventObserver.java:109)
[23:21:42] [ERROR] !   at mezz.jei.forge.startup.StartEventObserver.onEvent(StartEventObserver.java:96)
[23:21:42] [ERROR] !   at MC-BOOTSTRAP/net.minecraftforge.eventbus/net.minecraftforge.eventbus.EventBus.doCastFilter(EventBus.java:260)
[23:21:42] [ERROR] !   at MC-BOOTSTRAP/net.minecraftforge.eventbus/net.minecraftforge.eventbus.EventBus.lambda$addListener$11(EventBus.java:252)
[23:21:42] [ERROR] !   at MC-BOOTSTRAP/net.minecraftforge.eventbus/net.minecraftforge.eventbus.EventBus.post(EventBus.java:315)
[23:21:42] [ERROR] !   at MC-BOOTSTRAP/net.minecraftforge.eventbus/net.minecraftforge.eventbus.EventBus.post(EventBus.java:296)
[23:21:42] [ERROR] !   at net.minecraftforge.client.ForgeHooksClient.onRecipesUpdated(ForgeHooksClient.java:718)
[23:21:42] [ERROR] !   at net.minecraft.client.multiplayer.ClientPacketListener.m_6327_(ClientPacketListener.java:1354)
[23:21:42] [ERROR] !   at net.minecraft.network.protocol.game.ClientboundUpdateRecipesPacket.m_5797_(ClientboundUpdateRecipesPacket.java:32)
[23:21:42] [ERROR] !   at net.minecraft.network.protocol.game.ClientboundUpdateRecipesPacket.m_5797_(ClientboundUpdateRecipesPacket.java:14)
[23:21:42] [ERROR] !   at net.minecraft.network.protocol.PacketUtils.m_263899_(PacketUtils.java:22)
[23:21:42] [ERROR] !   at net.minecraft.util.thread.BlockableEventLoop.m_6367_(BlockableEventLoop.java:156)
[23:21:42] [ERROR] !   at net.minecraft.util.thread.ReentrantBlockableEventLoop.m_6367_(ReentrantBlockableEventLoop.java:23)
[23:21:42] [ERROR] !   at net.minecraft.util.thread.BlockableEventLoop.m_7245_(BlockableEventLoop.java:130)
[23:21:42] [ERROR] !   at net.minecraft.util.thread.BlockableEventLoop.m_18699_(BlockableEventLoop.java:115)
[23:21:42] [ERROR] !   at net.minecraft.client.Minecraft.m_91383_(Minecraft.java:1106)
[23:21:42] [ERROR] !   at net.minecraft.client.Minecraft.m_91374_(Minecraft.java:718)
[23:21:42] [ERROR] !   at net.minecraft.client.main.Main.main(Main.java:218)
[23:21:42] [ERROR] !   at java.lang.reflect.Method.invoke(Unknown Source)
[23:21:42] [ERROR] !   at MC-BOOTSTRAP/fmlloader@1.20.1-47.4.6/net.minecraftforge.fml.loading.targets.CommonLaunchHandler.runTarget(CommonLaunchHandler.java:111)
[23:21:42] [ERROR] !   at MC-BOOTSTRAP/fmlloader@1.20.1-47.4.6/net.minecraftforge.fml.loading.targets.CommonLaunchHandler.clientService(CommonLaunchHandler.java:99)
[23:21:42] [ERROR] !   at MC-BOOTSTRAP/fmlloader@1.20.1-47.4.6/net.minecraftforge.fml.loading.targets.CommonClientLaunchHandler.lambda$makeService$0(CommonClientLaunchHandler.java:25)
[23:21:42] [ERROR] !   at MC-BOOTSTRAP/cpw.mods.modlauncher@10.0.9/cpw.mods.modlauncher.LaunchServiceHandlerDecorator.launch(LaunchServiceHandlerDecorator.java:30)
[23:21:42] [ERROR] !   at MC-BOOTSTRAP/cpw.mods.modlauncher@10.0.9/cpw.mods.modlauncher.LaunchServiceHandler.launch(LaunchServiceHandler.java:53)
[23:21:42] [ERROR] !   at MC-BOOTSTRAP/cpw.mods.modlauncher@10.0.9/cpw.mods.modlauncher.LaunchServiceHandler.launch(LaunchServiceHandler.java:71)
[23:21:42] [ERROR] !   at MC-BOOTSTRAP/cpw.mods.modlauncher@10.0.9/cpw.mods.modlauncher.Launcher.run(Launcher.java:108)
[23:21:42] [ERROR] !   at MC-BOOTSTRAP/cpw.mods.modlauncher@10.0.9/cpw.mods.modlauncher.Launcher.main(Launcher.java:78)
[23:21:42] [ERROR] !   at MC-BOOTSTRAP/cpw.mods.modlauncher@10.0.9/cpw.mods.modlauncher.BootstrapLaunchConsumer.accept(BootstrapLaunchConsumer.java:26)
[23:21:42] [ERROR] !   at MC-BOOTSTRAP/cpw.mods.modlauncher@10.0.9/cpw.mods.modlauncher.BootstrapLaunchConsumer.accept(BootstrapLaunchConsumer.java:23)
[23:21:42] [ERROR] !   at cpw.mods.bootstraplauncher@1.1.2/cpw.mods.bootstraplauncher.BootstrapLauncher.main(BootstrapLauncher.java:141)
[23:22:48] [ERROR] ! Error in 'JEIEvents.hideItems': Non [a-z0-9/._-] character in path of location: create:xycraft_world:raw_aluminum
[23:22:48] [ERROR] ! net.minecraft.ResourceLocationException: Non [a-z0-9/._-] character in path of location: create:xycraft_world:raw_aluminum
[23:22:48] [ERROR] !   at net.minecraft.resources.ResourceLocation.m_245185_(ResourceLocation.java:242)
[23:22:48] [ERROR] !   at net.minecraft.resources.ResourceLocation.<init>(ResourceLocation.java:40)
[23:22:48] [ERROR] !   at net.minecraft.resources.ResourceLocation.<init>(ResourceLocation.java:44)
[23:22:48] [ERROR] !   at net.minecraft.resources.ResourceLocation.<init>(ResourceLocation.java:50)
[23:22:48] [ERROR] !   at …kubejs.item.ingredient.IngredientJS.parse(IngredientJS.java:145)
[23:22:48] [ERROR] !   at …kubejs.item.ingredient.IngredientJS.of(IngredientJS.java:55)
[23:22:48] [ERROR] !   at …kubejs.integration.forge.jei.HideJEIEventJS.hide(HideJEIEventJS.java:35)
[23:22:48] [ERROR] !   at java.lang.reflect.Method.invoke(Unknown Source)
[23:22:48] [ERROR] !   at …rhino.MemberBox.invoke(MemberBox.java:160)
[23:22:48] [ERROR] !   at …rhino.NativeJavaMethod.call(NativeJavaMethod.java:463)
[23:22:48] [ERROR] !   at …rhino.Interpreter.interpretLoop(Interpreter.java:986)
[23:22:48] [ERROR] !   at …rhino.Interpreter.interpret(Interpreter.java:370)
[23:22:48] [ERROR] !   at …rhino.InterpretedFunction.call(InterpretedFunction.java:72)
[23:22:48] [ERROR] !   at …rhino.Context.callSync(Context.java:1357)
[23:22:48] [ERROR] !   at …rhino.ArrowFunction.call(ArrowFunction.java:42)
[23:22:48] [ERROR] !   at …rhino.NativeArray.iterativeMethod(NativeArray.java:1314)
[23:22:48] [ERROR] !   at …rhino.NativeArray.execIdCall(NativeArray.java:1798)
[23:22:48] [ERROR] !   at …rhino.IdFunctionObject.call(IdFunctionObject.java:103)
[23:22:48] [ERROR] !   at …rhino.Interpreter.interpretLoop(Interpreter.java:986)
[23:22:48] [ERROR] !   at …rhino.Interpreter.interpret(Interpreter.java:370)
[23:22:48] [ERROR] !   at …rhino.InterpretedFunction.call(InterpretedFunction.java:72)
[23:22:48] [ERROR] !   at …rhino.Context.callSync(Context.java:1357)
[23:22:48] [ERROR] !   at …rhino.ArrowFunction.call(ArrowFunction.java:42)
[23:22:48] [ERROR] !   at …rhino.NativeArray.iterativeMethod(NativeArray.java:1314)
[23:22:48] [ERROR] !   at …rhino.NativeArray.execIdCall(NativeArray.java:1798)
[23:22:48] [ERROR] !   at …rhino.IdFunctionObject.call(IdFunctionObject.java:103)
[23:22:48] [ERROR] !   at …rhino.Interpreter.interpretLoop(Interpreter.java:986)
[23:22:48] [ERROR] !   at …rhino.Interpreter.interpret(Interpreter.java:370)
[23:22:48] [ERROR] !   at …rhino.InterpretedFunction.call(InterpretedFunction.java:72)
[23:22:48] [ERROR] !   at …rhino.Context.callSync(Context.java:1357)
[23:22:48] [ERROR] !   at …rhino.Context.doTopCall(Context.java:1374)
[23:22:48] [ERROR] !   at …rhino.InterpretedFunction.call(InterpretedFunction.java:70)
[23:22:48] [ERROR] !   at …rhino.Context.callSync(Context.java:1357)
[23:22:48] [ERROR] !   at …rhino.ArrowFunction.call(ArrowFunction.java:42)
[23:22:48] [ERROR] !   at …rhino.Context.callSync(Context.java:1357)
[23:22:48] [ERROR] !   at …rhino.InterfaceAdapter.invoke(InterfaceAdapter.java:125)
[23:22:48] [ERROR] !   at …rhino.VMBridge.lambda$newInterfaceProxy$0(VMBridge.java:74)
[23:22:48] [ERROR] !   at TRANSFORMER/jdk.proxy3/jdk.proxy3.$Proxy95.onEvent(Unknown Source)
[23:22:48] [ERROR] !   at …kubejs.event.EventHandlerContainer.handle(EventHandlerContainer.java:39)
[23:22:48] [ERROR] !   at …kubejs.event.EventHandler.postToHandlers(EventHandler.java:304)
[23:22:48] [ERROR] !   at …kubejs.event.EventHandler.post(EventHandler.java:272)
[23:22:48] [ERROR] !   at …kubejs.event.EventHandler.post(EventHandler.java:226)
[23:22:48] [ERROR] !   at …kubejs.event.EventHandler.post(EventHandler.java:189)
[23:22:48] [ERROR] !   at …kubejs.integration.forge.jei.JEIPlugin.onRuntimeAvailable(JEIPlugin.java:40)
[23:22:48] [ERROR] !   at mezz.jei.library.startup.JeiStarter.lambda$start$3(JeiStarter.java:158)
[23:22:48] [ERROR] !   at mezz.jei.library.load.PluginCaller.callOnPlugins(PluginCaller.java:25)
[23:22:48] [ERROR] !   at mezz.jei.library.startup.JeiStarter.start(JeiStarter.java:158)
[23:22:48] [ERROR] !   at mezz.jei.forge.startup.StartEventObserver.transitionState(StartEventObserver.java:130)
[23:22:48] [ERROR] !   at mezz.jei.forge.startup.StartEventObserver.restart(StartEventObserver.java:109)
[23:22:48] [ERROR] !   at mezz.jei.forge.startup.StartEventObserver.onEvent(StartEventObserver.java:96)
[23:22:48] [ERROR] !   at MC-BOOTSTRAP/net.minecraftforge.eventbus/net.minecraftforge.eventbus.EventBus.doCastFilter(EventBus.java:260)
[23:22:48] [ERROR] !   at MC-BOOTSTRAP/net.minecraftforge.eventbus/net.minecraftforge.eventbus.EventBus.lambda$addListener$11(EventBus.java:252)
[23:22:48] [ERROR] !   at MC-BOOTSTRAP/net.minecraftforge.eventbus/net.minecraftforge.eventbus.EventBus.post(EventBus.java:315)
[23:22:48] [ERROR] !   at MC-BOOTSTRAP/net.minecraftforge.eventbus/net.minecraftforge.eventbus.EventBus.post(EventBus.java:296)
[23:22:48] [ERROR] !   at net.minecraftforge.client.ForgeHooksClient.onRecipesUpdated(ForgeHooksClient.java:718)
[23:22:48] [ERROR] !   at net.minecraft.client.multiplayer.ClientPacketListener.m_6327_(ClientPacketListener.java:1354)
[23:22:48] [ERROR] !   at net.minecraft.network.protocol.game.ClientboundUpdateRecipesPacket.m_5797_(ClientboundUpdateRecipesPacket.java:32)
[23:22:48] [ERROR] !   at net.minecraft.network.protocol.game.ClientboundUpdateRecipesPacket.m_5797_(ClientboundUpdateRecipesPacket.java:14)
[23:22:48] [ERROR] !   at net.minecraft.network.protocol.PacketUtils.m_263899_(PacketUtils.java:22)
[23:22:48] [ERROR] !   at net.minecraft.util.thread.BlockableEventLoop.m_6367_(BlockableEventLoop.java:156)
[23:22:48] [ERROR] !   at net.minecraft.util.thread.ReentrantBlockableEventLoop.m_6367_(ReentrantBlockableEventLoop.java:23)
[23:22:48] [ERROR] !   at net.minecraft.util.thread.BlockableEventLoop.m_7245_(BlockableEventLoop.java:130)
[23:22:48] [ERROR] !   at net.minecraft.util.thread.BlockableEventLoop.m_18699_(BlockableEventLoop.java:115)
[23:22:48] [ERROR] !   at net.minecraft.client.Minecraft.m_91383_(Minecraft.java:1106)
[23:22:48] [ERROR] !   at net.minecraft.client.Minecraft.m_91374_(Minecraft.java:718)
[23:22:48] [ERROR] !   at net.minecraft.client.main.Main.main(Main.java:218)
[23:22:48] [ERROR] !   at java.lang.reflect.Method.invoke(Unknown Source)
[23:22:48] [ERROR] !   at MC-BOOTSTRAP/fmlloader@1.20.1-47.4.6/net.minecraftforge.fml.loading.targets.CommonLaunchHandler.runTarget(CommonLaunchHandler.java:111)
[23:22:48] [ERROR] !   at MC-BOOTSTRAP/fmlloader@1.20.1-47.4.6/net.minecraftforge.fml.loading.targets.CommonLaunchHandler.clientService(CommonLaunchHandler.java:99)
[23:22:48] [ERROR] !   at MC-BOOTSTRAP/fmlloader@1.20.1-47.4.6/net.minecraftforge.fml.loading.targets.CommonClientLaunchHandler.lambda$makeService$0(CommonClientLaunchHandler.java:25)
[23:22:48] [ERROR] !   at MC-BOOTSTRAP/cpw.mods.modlauncher@10.0.9/cpw.mods.modlauncher.LaunchServiceHandlerDecorator.launch(LaunchServiceHandlerDecorator.java:30)
[23:22:48] [ERROR] !   at MC-BOOTSTRAP/cpw.mods.modlauncher@10.0.9/cpw.mods.modlauncher.LaunchServiceHandler.launch(LaunchServiceHandler.java:53)
[23:22:48] [ERROR] !   at MC-BOOTSTRAP/cpw.mods.modlauncher@10.0.9/cpw.mods.modlauncher.LaunchServiceHandler.launch(LaunchServiceHandler.java:71)
[23:22:48] [ERROR] !   at MC-BOOTSTRAP/cpw.mods.modlauncher@10.0.9/cpw.mods.modlauncher.Launcher.run(Launcher.java:108)
[23:22:48] [ERROR] !   at MC-BOOTSTRAP/cpw.mods.modlauncher@10.0.9/cpw.mods.modlauncher.Launcher.main(Launcher.java:78)
[23:22:48] [ERROR] !   at MC-BOOTSTRAP/cpw.mods.modlauncher@10.0.9/cpw.mods.modlauncher.BootstrapLaunchConsumer.accept(BootstrapLaunchConsumer.java:26)
[23:22:48] [ERROR] !   at MC-BOOTSTRAP/cpw.mods.modlauncher@10.0.9/cpw.mods.modlauncher.BootstrapLaunchConsumer.accept(BootstrapLaunchConsumer.java:23)
[23:22:48] [ERROR] !   at cpw.mods.bootstraplauncher@1.1.2/cpw.mods.bootstraplauncher.BootstrapLauncher.main(BootstrapLauncher.java:141)
[23:26:26] [ERROR] ! Error in 'JEIEvents.hideItems': Non [a-z0-9/._-] character in path of location: create:xycraft_world:raw_aluminum
[23:26:26] [ERROR] ! net.minecraft.ResourceLocationException: Non [a-z0-9/._-] character in path of location: create:xycraft_world:raw_aluminum
[23:26:26] [ERROR] !   at net.minecraft.resources.ResourceLocation.m_245185_(ResourceLocation.java:242)
[23:26:26] [ERROR] !   at net.minecraft.resources.ResourceLocation.<init>(ResourceLocation.java:40)
[23:26:26] [ERROR] !   at net.minecraft.resources.ResourceLocation.<init>(ResourceLocation.java:44)
[23:26:26] [ERROR] !   at net.minecraft.resources.ResourceLocation.<init>(ResourceLocation.java:50)
[23:26:26] [ERROR] !   at …kubejs.item.ingredient.IngredientJS.parse(IngredientJS.java:145)
[23:26:26] [ERROR] !   at …kubejs.item.ingredient.IngredientJS.of(IngredientJS.java:55)
[23:26:26] [ERROR] !   at …kubejs.integration.forge.jei.HideJEIEventJS.hide(HideJEIEventJS.java:35)
[23:26:26] [ERROR] !   at java.lang.reflect.Method.invoke(Unknown Source)
[23:26:26] [ERROR] !   at …rhino.MemberBox.invoke(MemberBox.java:160)
[23:26:26] [ERROR] !   at …rhino.NativeJavaMethod.call(NativeJavaMethod.java:463)
[23:26:26] [ERROR] !   at …rhino.Interpreter.interpretLoop(Interpreter.java:986)
[23:26:26] [ERROR] !   at …rhino.Interpreter.interpret(Interpreter.java:370)
[23:26:26] [ERROR] !   at …rhino.InterpretedFunction.call(InterpretedFunction.java:72)
[23:26:26] [ERROR] !   at …rhino.Context.callSync(Context.java:1357)
[23:26:26] [ERROR] !   at …rhino.ArrowFunction.call(ArrowFunction.java:42)
[23:26:26] [ERROR] !   at …rhino.NativeArray.iterativeMethod(NativeArray.java:1314)
[23:26:26] [ERROR] !   at …rhino.NativeArray.execIdCall(NativeArray.java:1798)
[23:26:26] [ERROR] !   at …rhino.IdFunctionObject.call(IdFunctionObject.java:103)
[23:26:26] [ERROR] !   at …rhino.Interpreter.interpretLoop(Interpreter.java:986)
[23:26:26] [ERROR] !   at …rhino.Interpreter.interpret(Interpreter.java:370)
[23:26:26] [ERROR] !   at …rhino.InterpretedFunction.call(InterpretedFunction.java:72)
[23:26:26] [ERROR] !   at …rhino.Context.callSync(Context.java:1357)
[23:26:26] [ERROR] !   at …rhino.ArrowFunction.call(ArrowFunction.java:42)
[23:26:26] [ERROR] !   at …rhino.NativeArray.iterativeMethod(NativeArray.java:1314)
[23:26:26] [ERROR] !   at …rhino.NativeArray.execIdCall(NativeArray.java:1798)
[23:26:26] [ERROR] !   at …rhino.IdFunctionObject.call(IdFunctionObject.java:103)
[23:26:26] [ERROR] !   at …rhino.Interpreter.interpretLoop(Interpreter.java:986)
[23:26:26] [ERROR] !   at …rhino.Interpreter.interpret(Interpreter.java:370)
[23:26:26] [ERROR] !   at …rhino.InterpretedFunction.call(InterpretedFunction.java:72)
[23:26:26] [ERROR] !   at …rhino.Context.callSync(Context.java:1357)
[23:26:26] [ERROR] !   at …rhino.Context.doTopCall(Context.java:1374)
[23:26:26] [ERROR] !   at …rhino.InterpretedFunction.call(InterpretedFunction.java:70)
[23:26:26] [ERROR] !   at …rhino.Context.callSync(Context.java:1357)
[23:26:26] [ERROR] !   at …rhino.ArrowFunction.call(ArrowFunction.java:42)
[23:26:26] [ERROR] !   at …rhino.Context.callSync(Context.java:1357)
[23:26:26] [ERROR] !   at …rhino.InterfaceAdapter.invoke(InterfaceAdapter.java:125)
[23:26:26] [ERROR] !   at …rhino.VMBridge.lambda$newInterfaceProxy$0(VMBridge.java:74)
[23:26:26] [ERROR] !   at TRANSFORMER/jdk.proxy3/jdk.proxy3.$Proxy95.onEvent(Unknown Source)
[23:26:26] [ERROR] !   at …kubejs.event.EventHandlerContainer.handle(EventHandlerContainer.java:39)
[23:26:26] [ERROR] !   at …kubejs.event.EventHandler.postToHandlers(EventHandler.java:304)
[23:26:26] [ERROR] !   at …kubejs.event.EventHandler.post(EventHandler.java:272)
[23:26:26] [ERROR] !   at …kubejs.event.EventHandler.post(EventHandler.java:226)
[23:26:26] [ERROR] !   at …kubejs.event.EventHandler.post(EventHandler.java:189)
[23:26:26] [ERROR] !   at …kubejs.integration.forge.jei.JEIPlugin.onRuntimeAvailable(JEIPlugin.java:40)
[23:26:26] [ERROR] !   at mezz.jei.library.startup.JeiStarter.lambda$start$3(JeiStarter.java:158)
[23:26:26] [ERROR] !   at mezz.jei.library.load.PluginCaller.callOnPlugins(PluginCaller.java:25)
[23:26:26] [ERROR] !   at mezz.jei.library.startup.JeiStarter.start(JeiStarter.java:158)
[23:26:26] [ERROR] !   at mezz.jei.forge.startup.StartEventObserver.transitionState(StartEventObserver.java:130)
[23:26:26] [ERROR] !   at mezz.jei.forge.startup.StartEventObserver.restart(StartEventObserver.java:109)
[23:26:26] [ERROR] !   at mezz.jei.forge.startup.StartEventObserver.onEvent(StartEventObserver.java:96)
[23:26:26] [ERROR] !   at MC-BOOTSTRAP/net.minecraftforge.eventbus/net.minecraftforge.eventbus.EventBus.doCastFilter(EventBus.java:260)
[23:26:26] [ERROR] !   at MC-BOOTSTRAP/net.minecraftforge.eventbus/net.minecraftforge.eventbus.EventBus.lambda$addListener$11(EventBus.java:252)
[23:26:26] [ERROR] !   at MC-BOOTSTRAP/net.minecraftforge.eventbus/net.minecraftforge.eventbus.EventBus.post(EventBus.java:315)
[23:26:26] [ERROR] !   at MC-BOOTSTRAP/net.minecraftforge.eventbus/net.minecraftforge.eventbus.EventBus.post(EventBus.java:296)
[23:26:26] [ERROR] !   at net.minecraftforge.client.ForgeHooksClient.onRecipesUpdated(ForgeHooksClient.java:718)
[23:26:26] [ERROR] !   at net.minecraft.client.multiplayer.ClientPacketListener.m_6327_(ClientPacketListener.java:1354)
[23:26:26] [ERROR] !   at net.minecraft.network.protocol.game.ClientboundUpdateRecipesPacket.m_5797_(ClientboundUpdateRecipesPacket.java:32)
[23:26:26] [ERROR] !   at net.minecraft.network.protocol.game.ClientboundUpdateRecipesPacket.m_5797_(ClientboundUpdateRecipesPacket.java:14)
[23:26:26] [ERROR] !   at net.minecraft.network.protocol.PacketUtils.m_263899_(PacketUtils.java:22)
[23:26:26] [ERROR] !   at net.minecraft.util.thread.BlockableEventLoop.m_6367_(BlockableEventLoop.java:156)
[23:26:26] [ERROR] !   at net.minecraft.util.thread.ReentrantBlockableEventLoop.m_6367_(ReentrantBlockableEventLoop.java:23)
[23:26:26] [ERROR] !   at net.minecraft.util.thread.BlockableEventLoop.m_7245_(BlockableEventLoop.java:130)
[23:26:26] [ERROR] !   at net.minecraft.util.thread.BlockableEventLoop.m_18699_(BlockableEventLoop.java:115)
[23:26:26] [ERROR] !   at net.minecraft.client.Minecraft.m_91383_(Minecraft.java:1106)
[23:26:26] [ERROR] !   at net.minecraft.client.Minecraft.m_91374_(Minecraft.java:718)
[23:26:26] [ERROR] !   at net.minecraft.client.main.Main.main(Main.java:218)
[23:26:26] [ERROR] !   at java.lang.reflect.Method.invoke(Unknown Source)
[23:26:26] [ERROR] !   at MC-BOOTSTRAP/fmlloader@1.20.1-47.4.6/net.minecraftforge.fml.loading.targets.CommonLaunchHandler.runTarget(CommonLaunchHandler.java:111)
[23:26:26] [ERROR] !   at MC-BOOTSTRAP/fmlloader@1.20.1-47.4.6/net.minecraftforge.fml.loading.targets.CommonLaunchHandler.clientService(CommonLaunchHandler.java:99)
[23:26:26] [ERROR] !   at MC-BOOTSTRAP/fmlloader@1.20.1-47.4.6/net.minecraftforge.fml.loading.targets.CommonClientLaunchHandler.lambda$makeService$0(CommonClientLaunchHandler.java:25)
[23:26:26] [ERROR] !   at MC-BOOTSTRAP/cpw.mods.modlauncher@10.0.9/cpw.mods.modlauncher.LaunchServiceHandlerDecorator.launch(LaunchServiceHandlerDecorator.java:30)
[23:26:26] [ERROR] !   at MC-BOOTSTRAP/cpw.mods.modlauncher@10.0.9/cpw.mods.modlauncher.LaunchServiceHandler.launch(LaunchServiceHandler.java:53)
[23:26:26] [ERROR] !   at MC-BOOTSTRAP/cpw.mods.modlauncher@10.0.9/cpw.mods.modlauncher.LaunchServiceHandler.launch(LaunchServiceHandler.java:71)
[23:26:26] [ERROR] !   at MC-BOOTSTRAP/cpw.mods.modlauncher@10.0.9/cpw.mods.modlauncher.Launcher.run(Launcher.java:108)
[23:26:26] [ERROR] !   at MC-BOOTSTRAP/cpw.mods.modlauncher@10.0.9/cpw.mods.modlauncher.Launcher.main(Launcher.java:78)
[23:26:26] [ERROR] !   at MC-BOOTSTRAP/cpw.mods.modlauncher@10.0.9/cpw.mods.modlauncher.BootstrapLaunchConsumer.accept(BootstrapLaunchConsumer.java:26)
[23:26:26] [ERROR] !   at MC-BOOTSTRAP/cpw.mods.modlauncher@10.0.9/cpw.mods.modlauncher.BootstrapLaunchConsumer.accept(BootstrapLaunchConsumer.java:23)
[23:26:26] [ERROR] !   at cpw.mods.bootstraplauncher@1.1.2/cpw.mods.bootstraplauncher.BootstrapLauncher.main(BootstrapLauncher.java:141)
[23:28:34] [ERROR] ! Error in 'JEIEvents.hideItems': Non [a-z0-9/._-] character in path of location: create:xycraft_world:raw_aluminum
[23:28:34] [ERROR] ! net.minecraft.ResourceLocationException: Non [a-z0-9/._-] character in path of location: create:xycraft_world:raw_aluminum
[23:28:34] [ERROR] !   at net.minecraft.resources.ResourceLocation.m_245185_(ResourceLocation.java:242)
[23:28:34] [ERROR] !   at net.minecraft.resources.ResourceLocation.<init>(ResourceLocation.java:40)
[23:28:34] [ERROR] !   at net.minecraft.resources.ResourceLocation.<init>(ResourceLocation.java:44)
[23:28:34] [ERROR] !   at net.minecraft.resources.ResourceLocation.<init>(ResourceLocation.java:50)
[23:28:34] [ERROR] !   at …kubejs.item.ingredient.IngredientJS.parse(IngredientJS.java:145)
[23:28:34] [ERROR] !   at …kubejs.item.ingredient.IngredientJS.of(IngredientJS.java:55)
[23:28:34] [ERROR] !   at …kubejs.integration.forge.jei.HideJEIEventJS.hide(HideJEIEventJS.java:35)
[23:28:34] [ERROR] !   at java.lang.reflect.Method.invoke(Unknown Source)
[23:28:34] [ERROR] !   at …rhino.MemberBox.invoke(MemberBox.java:160)
[23:28:34] [ERROR] !   at …rhino.NativeJavaMethod.call(NativeJavaMethod.java:463)
[23:28:34] [ERROR] !   at …rhino.Interpreter.interpretLoop(Interpreter.java:986)
[23:28:34] [ERROR] !   at …rhino.Interpreter.interpret(Interpreter.java:370)
[23:28:34] [ERROR] !   at …rhino.InterpretedFunction.call(InterpretedFunction.java:72)
[23:28:34] [ERROR] !   at …rhino.Context.callSync(Context.java:1357)
[23:28:34] [ERROR] !   at …rhino.ArrowFunction.call(ArrowFunction.java:42)
[23:28:34] [ERROR] !   at …rhino.NativeArray.iterativeMethod(NativeArray.java:1314)
[23:28:34] [ERROR] !   at …rhino.NativeArray.execIdCall(NativeArray.java:1798)
[23:28:34] [ERROR] !   at …rhino.IdFunctionObject.call(IdFunctionObject.java:103)
[23:28:34] [ERROR] !   at …rhino.Interpreter.interpretLoop(Interpreter.java:986)
[23:28:34] [ERROR] !   at …rhino.Interpreter.interpret(Interpreter.java:370)
[23:28:34] [ERROR] !   at …rhino.InterpretedFunction.call(InterpretedFunction.java:72)
[23:28:34] [ERROR] !   at …rhino.Context.callSync(Context.java:1357)
[23:28:34] [ERROR] !   at …rhino.ArrowFunction.call(ArrowFunction.java:42)
[23:28:34] [ERROR] !   at …rhino.NativeArray.iterativeMethod(NativeArray.java:1314)
[23:28:34] [ERROR] !   at …rhino.NativeArray.execIdCall(NativeArray.java:1798)
[23:28:34] [ERROR] !   at …rhino.IdFunctionObject.call(IdFunctionObject.java:103)
[23:28:34] [ERROR] !   at …rhino.Interpreter.interpretLoop(Interpreter.java:986)
[23:28:34] [ERROR] !   at …rhino.Interpreter.interpret(Interpreter.java:370)
[23:28:34] [ERROR] !   at …rhino.InterpretedFunction.call(InterpretedFunction.java:72)
[23:28:34] [ERROR] !   at …rhino.Context.callSync(Context.java:1357)
[23:28:34] [ERROR] !   at …rhino.Context.doTopCall(Context.java:1374)
[23:28:34] [ERROR] !   at …rhino.InterpretedFunction.call(InterpretedFunction.java:70)
[23:28:34] [ERROR] !   at …rhino.Context.callSync(Context.java:1357)
[23:28:34] [ERROR] !   at …rhino.ArrowFunction.call(ArrowFunction.java:42)
[23:28:34] [ERROR] !   at …rhino.Context.callSync(Context.java:1357)
[23:28:34] [ERROR] !   at …rhino.InterfaceAdapter.invoke(InterfaceAdapter.java:125)
[23:28:34] [ERROR] !   at …rhino.VMBridge.lambda$newInterfaceProxy$0(VMBridge.java:74)
[23:28:34] [ERROR] !   at TRANSFORMER/jdk.proxy3/jdk.proxy3.$Proxy95.onEvent(Unknown Source)
[23:28:34] [ERROR] !   at …kubejs.event.EventHandlerContainer.handle(EventHandlerContainer.java:39)
[23:28:34] [ERROR] !   at …kubejs.event.EventHandler.postToHandlers(EventHandler.java:304)
[23:28:34] [ERROR] !   at …kubejs.event.EventHandler.post(EventHandler.java:272)
[23:28:34] [ERROR] !   at …kubejs.event.EventHandler.post(EventHandler.java:226)
[23:28:34] [ERROR] !   at …kubejs.event.EventHandler.post(EventHandler.java:189)
[23:28:34] [ERROR] !   at …kubejs.integration.forge.jei.JEIPlugin.onRuntimeAvailable(JEIPlugin.java:40)
[23:28:34] [ERROR] !   at mezz.jei.library.startup.JeiStarter.lambda$start$3(JeiStarter.java:158)
[23:28:34] [ERROR] !   at mezz.jei.library.load.PluginCaller.callOnPlugins(PluginCaller.java:25)
[23:28:34] [ERROR] !   at mezz.jei.library.startup.JeiStarter.start(JeiStarter.java:158)
[23:28:34] [ERROR] !   at mezz.jei.forge.startup.StartEventObserver.transitionState(StartEventObserver.java:130)
[23:28:34] [ERROR] !   at mezz.jei.forge.startup.StartEventObserver.restart(StartEventObserver.java:109)
[23:28:34] [ERROR] !   at mezz.jei.forge.startup.StartEventObserver.onEvent(StartEventObserver.java:96)
[23:28:34] [ERROR] !   at MC-BOOTSTRAP/net.minecraftforge.eventbus/net.minecraftforge.eventbus.EventBus.doCastFilter(EventBus.java:260)
[23:28:34] [ERROR] !   at MC-BOOTSTRAP/net.minecraftforge.eventbus/net.minecraftforge.eventbus.EventBus.lambda$addListener$11(EventBus.java:252)
[23:28:34] [ERROR] !   at MC-BOOTSTRAP/net.minecraftforge.eventbus/net.minecraftforge.eventbus.EventBus.post(EventBus.java:315)
[23:28:34] [ERROR] !   at MC-BOOTSTRAP/net.minecraftforge.eventbus/net.minecraftforge.eventbus.EventBus.post(EventBus.java:296)
[23:28:34] [ERROR] !   at net.minecraftforge.client.ForgeHooksClient.onRecipesUpdated(ForgeHooksClient.java:718)
[23:28:34] [ERROR] !   at net.minecraft.client.multiplayer.ClientPacketListener.m_6327_(ClientPacketListener.java:1354)
[23:28:34] [ERROR] !   at net.minecraft.network.protocol.game.ClientboundUpdateRecipesPacket.m_5797_(ClientboundUpdateRecipesPacket.java:32)
[23:28:34] [ERROR] !   at net.minecraft.network.protocol.game.ClientboundUpdateRecipesPacket.m_5797_(ClientboundUpdateRecipesPacket.java:14)
[23:28:34] [ERROR] !   at net.minecraft.network.protocol.PacketUtils.m_263899_(PacketUtils.java:22)
[23:28:34] [ERROR] !   at net.minecraft.util.thread.BlockableEventLoop.m_6367_(BlockableEventLoop.java:156)
[23:28:34] [ERROR] !   at net.minecraft.util.thread.ReentrantBlockableEventLoop.m_6367_(ReentrantBlockableEventLoop.java:23)
[23:28:34] [ERROR] !   at net.minecraft.util.thread.BlockableEventLoop.m_7245_(BlockableEventLoop.java:130)
[23:28:34] [ERROR] !   at net.minecraft.util.thread.BlockableEventLoop.m_18699_(BlockableEventLoop.java:115)
[23:28:34] [ERROR] !   at net.minecraft.client.Minecraft.m_91383_(Minecraft.java:1106)
[23:28:34] [ERROR] !   at net.minecraft.client.Minecraft.m_91374_(Minecraft.java:718)
[23:28:34] [ERROR] !   at net.minecraft.client.main.Main.main(Main.java:218)
[23:28:34] [ERROR] !   at java.lang.reflect.Method.invoke(Unknown Source)
[23:28:34] [ERROR] !   at MC-BOOTSTRAP/fmlloader@1.20.1-47.4.6/net.minecraftforge.fml.loading.targets.CommonLaunchHandler.runTarget(CommonLaunchHandler.java:111)
[23:28:34] [ERROR] !   at MC-BOOTSTRAP/fmlloader@1.20.1-47.4.6/net.minecraftforge.fml.loading.targets.CommonLaunchHandler.clientService(CommonLaunchHandler.java:99)
[23:28:34] [ERROR] !   at MC-BOOTSTRAP/fmlloader@1.20.1-47.4.6/net.minecraftforge.fml.loading.targets.CommonClientLaunchHandler.lambda$makeService$0(CommonClientLaunchHandler.java:25)
[23:28:34] [ERROR] !   at MC-BOOTSTRAP/cpw.mods.modlauncher@10.0.9/cpw.mods.modlauncher.LaunchServiceHandlerDecorator.launch(LaunchServiceHandlerDecorator.java:30)
[23:28:34] [ERROR] !   at MC-BOOTSTRAP/cpw.mods.modlauncher@10.0.9/cpw.mods.modlauncher.LaunchServiceHandler.launch(LaunchServiceHandler.java:53)
[23:28:34] [ERROR] !   at MC-BOOTSTRAP/cpw.mods.modlauncher@10.0.9/cpw.mods.modlauncher.LaunchServiceHandler.launch(LaunchServiceHandler.java:71)
[23:28:34] [ERROR] !   at MC-BOOTSTRAP/cpw.mods.modlauncher@10.0.9/cpw.mods.modlauncher.Launcher.run(Launcher.java:108)
[23:28:34] [ERROR] !   at MC-BOOTSTRAP/cpw.mods.modlauncher@10.0.9/cpw.mods.modlauncher.Launcher.main(Launcher.java:78)
[23:28:34] [ERROR] !   at MC-BOOTSTRAP/cpw.mods.modlauncher@10.0.9/cpw.mods.modlauncher.BootstrapLaunchConsumer.accept(BootstrapLaunchConsumer.java:26)
[23:28:34] [ERROR] !   at MC-BOOTSTRAP/cpw.mods.modlauncher@10.0.9/cpw.mods.modlauncher.BootstrapLaunchConsumer.accept(BootstrapLaunchConsumer.java:23)
[23:28:34] [ERROR] !   at cpw.mods.bootstraplauncher@1.1.2/cpw.mods.bootstraplauncher.BootstrapLauncher.main(BootstrapLauncher.java:141)
[23:33:24] [ERROR] ! Error in 'JEIEvents.hideItems': Non [a-z0-9/._-] character in path of location: create:xycraft_world:raw_aluminum
[23:33:24] [ERROR] ! net.minecraft.ResourceLocationException: Non [a-z0-9/._-] character in path of location: create:xycraft_world:raw_aluminum
[23:33:24] [ERROR] !   at net.minecraft.resources.ResourceLocation.m_245185_(ResourceLocation.java:242)
[23:33:24] [ERROR] !   at net.minecraft.resources.ResourceLocation.<init>(ResourceLocation.java:40)
[23:33:24] [ERROR] !   at net.minecraft.resources.ResourceLocation.<init>(ResourceLocation.java:44)
[23:33:24] [ERROR] !   at net.minecraft.resources.ResourceLocation.<init>(ResourceLocation.java:50)
[23:33:24] [ERROR] !   at …kubejs.item.ingredient.IngredientJS.parse(IngredientJS.java:145)
[23:33:24] [ERROR] !   at …kubejs.item.ingredient.IngredientJS.of(IngredientJS.java:55)
[23:33:24] [ERROR] !   at …kubejs.integration.forge.jei.HideJEIEventJS.hide(HideJEIEventJS.java:35)
[23:33:24] [ERROR] !   at java.lang.reflect.Method.invoke(Unknown Source)
[23:33:24] [ERROR] !   at …rhino.MemberBox.invoke(MemberBox.java:160)
[23:33:24] [ERROR] !   at …rhino.NativeJavaMethod.call(NativeJavaMethod.java:463)
[23:33:24] [ERROR] !   at …rhino.Interpreter.interpretLoop(Interpreter.java:986)
[23:33:24] [ERROR] !   at …rhino.Interpreter.interpret(Interpreter.java:370)
[23:33:24] [ERROR] !   at …rhino.InterpretedFunction.call(InterpretedFunction.java:72)
[23:33:24] [ERROR] !   at …rhino.Context.callSync(Context.java:1357)
[23:33:24] [ERROR] !   at …rhino.ArrowFunction.call(ArrowFunction.java:42)
[23:33:24] [ERROR] !   at …rhino.NativeArray.iterativeMethod(NativeArray.java:1314)
[23:33:24] [ERROR] !   at …rhino.NativeArray.execIdCall(NativeArray.java:1798)
[23:33:24] [ERROR] !   at …rhino.IdFunctionObject.call(IdFunctionObject.java:103)
[23:33:24] [ERROR] !   at …rhino.Interpreter.interpretLoop(Interpreter.java:986)
[23:33:24] [ERROR] !   at …rhino.Interpreter.interpret(Interpreter.java:370)
[23:33:24] [ERROR] !   at …rhino.InterpretedFunction.call(InterpretedFunction.java:72)
[23:33:24] [ERROR] !   at …rhino.Context.callSync(Context.java:1357)
[23:33:24] [ERROR] !   at …rhino.ArrowFunction.call(ArrowFunction.java:42)
[23:33:24] [ERROR] !   at …rhino.NativeArray.iterativeMethod(NativeArray.java:1314)
[23:33:24] [ERROR] !   at …rhino.NativeArray.execIdCall(NativeArray.java:1798)
[23:33:24] [ERROR] !   at …rhino.IdFunctionObject.call(IdFunctionObject.java:103)
[23:33:24] [ERROR] !   at …rhino.Interpreter.interpretLoop(Interpreter.java:986)
[23:33:24] [ERROR] !   at …rhino.Interpreter.interpret(Interpreter.java:370)
[23:33:24] [ERROR] !   at …rhino.InterpretedFunction.call(InterpretedFunction.java:72)
[23:33:24] [ERROR] !   at …rhino.Context.callSync(Context.java:1357)
[23:33:24] [ERROR] !   at …rhino.Context.doTopCall(Context.java:1374)
[23:33:24] [ERROR] !   at …rhino.InterpretedFunction.call(InterpretedFunction.java:70)
[23:33:24] [ERROR] !   at …rhino.Context.callSync(Context.java:1357)
[23:33:24] [ERROR] !   at …rhino.ArrowFunction.call(ArrowFunction.java:42)
[23:33:24] [ERROR] !   at …rhino.Context.callSync(Context.java:1357)
[23:33:24] [ERROR] !   at …rhino.InterfaceAdapter.invoke(InterfaceAdapter.java:125)
[23:33:24] [ERROR] !   at …rhino.VMBridge.lambda$newInterfaceProxy$0(VMBridge.java:74)
[23:33:24] [ERROR] !   at TRANSFORMER/jdk.proxy3/jdk.proxy3.$Proxy95.onEvent(Unknown Source)
[23:33:24] [ERROR] !   at …kubejs.event.EventHandlerContainer.handle(EventHandlerContainer.java:39)
[23:33:24] [ERROR] !   at …kubejs.event.EventHandler.postToHandlers(EventHandler.java:304)
[23:33:24] [ERROR] !   at …kubejs.event.EventHandler.post(EventHandler.java:272)
[23:33:24] [ERROR] !   at …kubejs.event.EventHandler.post(EventHandler.java:226)
[23:33:24] [ERROR] !   at …kubejs.event.EventHandler.post(EventHandler.java:189)
[23:33:24] [ERROR] !   at …kubejs.integration.forge.jei.JEIPlugin.onRuntimeAvailable(JEIPlugin.java:40)
[23:33:24] [ERROR] !   at mezz.jei.library.startup.JeiStarter.lambda$start$3(JeiStarter.java:158)
[23:33:24] [ERROR] !   at mezz.jei.library.load.PluginCaller.callOnPlugins(PluginCaller.java:25)
[23:33:24] [ERROR] !   at mezz.jei.library.startup.JeiStarter.start(JeiStarter.java:158)
[23:33:24] [ERROR] !   at mezz.jei.forge.startup.StartEventObserver.transitionState(StartEventObserver.java:130)
[23:33:24] [ERROR] !   at mezz.jei.forge.startup.StartEventObserver.restart(StartEventObserver.java:109)
[23:33:24] [ERROR] !   at mezz.jei.forge.startup.StartEventObserver.onEvent(StartEventObserver.java:96)
[23:33:24] [ERROR] !   at MC-BOOTSTRAP/net.minecraftforge.eventbus/net.minecraftforge.eventbus.EventBus.doCastFilter(EventBus.java:260)
[23:33:24] [ERROR] !   at MC-BOOTSTRAP/net.minecraftforge.eventbus/net.minecraftforge.eventbus.EventBus.lambda$addListener$11(EventBus.java:252)
[23:33:24] [ERROR] !   at MC-BOOTSTRAP/net.minecraftforge.eventbus/net.minecraftforge.eventbus.EventBus.post(EventBus.java:315)
[23:33:24] [ERROR] !   at MC-BOOTSTRAP/net.minecraftforge.eventbus/net.minecraftforge.eventbus.EventBus.post(EventBus.java:296)
[23:33:24] [ERROR] !   at net.minecraftforge.client.ForgeHooksClient.onRecipesUpdated(ForgeHooksClient.java:718)
[23:33:24] [ERROR] !   at net.minecraft.client.multiplayer.ClientPacketListener.m_6327_(ClientPacketListener.java:1354)
[23:33:24] [ERROR] !   at net.minecraft.network.protocol.game.ClientboundUpdateRecipesPacket.m_5797_(ClientboundUpdateRecipesPacket.java:32)
[23:33:24] [ERROR] !   at net.minecraft.network.protocol.game.ClientboundUpdateRecipesPacket.m_5797_(ClientboundUpdateRecipesPacket.java:14)
[23:33:24] [ERROR] !   at net.minecraft.network.protocol.PacketUtils.m_263899_(PacketUtils.java:22)
[23:33:24] [ERROR] !   at net.minecraft.util.thread.BlockableEventLoop.m_6367_(BlockableEventLoop.java:156)
[23:33:24] [ERROR] !   at net.minecraft.util.thread.ReentrantBlockableEventLoop.m_6367_(ReentrantBlockableEventLoop.java:23)
[23:33:24] [ERROR] !   at net.minecraft.util.thread.BlockableEventLoop.m_7245_(BlockableEventLoop.java:130)
[23:33:24] [ERROR] !   at net.minecraft.util.thread.BlockableEventLoop.m_18699_(BlockableEventLoop.java:115)
[23:33:24] [ERROR] !   at net.minecraft.client.Minecraft.m_91383_(Minecraft.java:1106)
[23:33:24] [ERROR] !   at net.minecraft.client.Minecraft.m_91374_(Minecraft.java:718)
[23:33:24] [ERROR] !   at net.minecraft.client.main.Main.main(Main.java:218)
[23:33:24] [ERROR] !   at java.lang.reflect.Method.invoke(Unknown Source)
[23:33:24] [ERROR] !   at MC-BOOTSTRAP/fmlloader@1.20.1-47.4.6/net.minecraftforge.fml.loading.targets.CommonLaunchHandler.runTarget(CommonLaunchHandler.java:111)
[23:33:24] [ERROR] !   at MC-BOOTSTRAP/fmlloader@1.20.1-47.4.6/net.minecraftforge.fml.loading.targets.CommonLaunchHandler.clientService(CommonLaunchHandler.java:99)
[23:33:24] [ERROR] !   at MC-BOOTSTRAP/fmlloader@1.20.1-47.4.6/net.minecraftforge.fml.loading.targets.CommonClientLaunchHandler.lambda$makeService$0(CommonClientLaunchHandler.java:25)
[23:33:24] [ERROR] !   at MC-BOOTSTRAP/cpw.mods.modlauncher@10.0.9/cpw.mods.modlauncher.LaunchServiceHandlerDecorator.launch(LaunchServiceHandlerDecorator.java:30)
[23:33:24] [ERROR] !   at MC-BOOTSTRAP/cpw.mods.modlauncher@10.0.9/cpw.mods.modlauncher.LaunchServiceHandler.launch(LaunchServiceHandler.java:53)
[23:33:24] [ERROR] !   at MC-BOOTSTRAP/cpw.mods.modlauncher@10.0.9/cpw.mods.modlauncher.LaunchServiceHandler.launch(LaunchServiceHandler.java:71)
[23:33:24] [ERROR] !   at MC-BOOTSTRAP/cpw.mods.modlauncher@10.0.9/cpw.mods.modlauncher.Launcher.run(Launcher.java:108)
[23:33:24] [ERROR] !   at MC-BOOTSTRAP/cpw.mods.modlauncher@10.0.9/cpw.mods.modlauncher.Launcher.main(Launcher.java:78)
[23:33:24] [ERROR] !   at MC-BOOTSTRAP/cpw.mods.modlauncher@10.0.9/cpw.mods.modlauncher.BootstrapLaunchConsumer.accept(BootstrapLaunchConsumer.java:26)
[23:33:24] [ERROR] !   at MC-BOOTSTRAP/cpw.mods.modlauncher@10.0.9/cpw.mods.modlauncher.BootstrapLaunchConsumer.accept(BootstrapLaunchConsumer.java:23)
[23:33:24] [ERROR] !   at cpw.mods.bootstraplauncher@1.1.2/cpw.mods.bootstraplauncher.BootstrapLauncher.main(BootstrapLauncher.java:141)
[23:34:55] [ERROR] ! Error in 'JEIEvents.hideItems': Non [a-z0-9/._-] character in path of location: create:xycraft_world:raw_aluminum
[23:34:55] [ERROR] ! net.minecraft.ResourceLocationException: Non [a-z0-9/._-] character in path of location: create:xycraft_world:raw_aluminum
[23:34:55] [ERROR] !   at net.minecraft.resources.ResourceLocation.m_245185_(ResourceLocation.java:242)
[23:34:55] [ERROR] !   at net.minecraft.resources.ResourceLocation.<init>(ResourceLocation.java:40)
[23:34:55] [ERROR] !   at net.minecraft.resources.ResourceLocation.<init>(ResourceLocation.java:44)
[23:34:55] [ERROR] !   at net.minecraft.resources.ResourceLocation.<init>(ResourceLocation.java:50)
[23:34:55] [ERROR] !   at …kubejs.item.ingredient.IngredientJS.parse(IngredientJS.java:145)
[23:34:55] [ERROR] !   at …kubejs.item.ingredient.IngredientJS.of(IngredientJS.java:55)
[23:34:55] [ERROR] !   at …kubejs.integration.forge.jei.HideJEIEventJS.hide(HideJEIEventJS.java:35)
[23:34:55] [ERROR] !   at java.lang.reflect.Method.invoke(Unknown Source)
[23:34:55] [ERROR] !   at …rhino.MemberBox.invoke(MemberBox.java:160)
[23:34:55] [ERROR] !   at …rhino.NativeJavaMethod.call(NativeJavaMethod.java:463)
[23:34:55] [ERROR] !   at …rhino.Interpreter.interpretLoop(Interpreter.java:986)
[23:34:55] [ERROR] !   at …rhino.Interpreter.interpret(Interpreter.java:370)
[23:34:55] [ERROR] !   at …rhino.InterpretedFunction.call(InterpretedFunction.java:72)
[23:34:55] [ERROR] !   at …rhino.Context.callSync(Context.java:1357)
[23:34:55] [ERROR] !   at …rhino.ArrowFunction.call(ArrowFunction.java:42)
[23:34:55] [ERROR] !   at …rhino.NativeArray.iterativeMethod(NativeArray.java:1314)
[23:34:55] [ERROR] !   at …rhino.NativeArray.execIdCall(NativeArray.java:1798)
[23:34:55] [ERROR] !   at …rhino.IdFunctionObject.call(IdFunctionObject.java:103)
[23:34:55] [ERROR] !   at …rhino.Interpreter.interpretLoop(Interpreter.java:986)
[23:34:55] [ERROR] !   at …rhino.Interpreter.interpret(Interpreter.java:370)
[23:34:55] [ERROR] !   at …rhino.InterpretedFunction.call(InterpretedFunction.java:72)
[23:34:55] [ERROR] !   at …rhino.Context.callSync(Context.java:1357)
[23:34:55] [ERROR] !   at …rhino.ArrowFunction.call(ArrowFunction.java:42)
[23:34:55] [ERROR] !   at …rhino.NativeArray.iterativeMethod(NativeArray.java:1314)
[23:34:55] [ERROR] !   at …rhino.NativeArray.execIdCall(NativeArray.java:1798)
[23:34:55] [ERROR] !   at …rhino.IdFunctionObject.call(IdFunctionObject.java:103)
[23:34:55] [ERROR] !   at …rhino.Interpreter.interpretLoop(Interpreter.java:986)
[23:34:55] [ERROR] !   at …rhino.Interpreter.interpret(Interpreter.java:370)
[23:34:55] [ERROR] !   at …rhino.InterpretedFunction.call(InterpretedFunction.java:72)
[23:34:55] [ERROR] !   at …rhino.Context.callSync(Context.java:1357)
[23:34:55] [ERROR] !   at …rhino.Context.doTopCall(Context.java:1374)
[23:34:55] [ERROR] !   at …rhino.InterpretedFunction.call(InterpretedFunction.java:70)
[23:34:55] [ERROR] !   at …rhino.Context.callSync(Context.java:1357)
[23:34:55] [ERROR] !   at …rhino.ArrowFunction.call(ArrowFunction.java:42)
[23:34:55] [ERROR] !   at …rhino.Context.callSync(Context.java:1357)
[23:34:55] [ERROR] !   at …rhino.InterfaceAdapter.invoke(InterfaceAdapter.java:125)
[23:34:55] [ERROR] !   at …rhino.VMBridge.lambda$newInterfaceProxy$0(VMBridge.java:74)
[23:34:55] [ERROR] !   at TRANSFORMER/jdk.proxy3/jdk.proxy3.$Proxy95.onEvent(Unknown Source)
[23:34:55] [ERROR] !   at …kubejs.event.EventHandlerContainer.handle(EventHandlerContainer.java:39)
[23:34:55] [ERROR] !   at …kubejs.event.EventHandler.postToHandlers(EventHandler.java:304)
[23:34:55] [ERROR] !   at …kubejs.event.EventHandler.post(EventHandler.java:272)
[23:34:55] [ERROR] !   at …kubejs.event.EventHandler.post(EventHandler.java:226)
[23:34:55] [ERROR] !   at …kubejs.event.EventHandler.post(EventHandler.java:189)
[23:34:55] [ERROR] !   at …kubejs.integration.forge.jei.JEIPlugin.onRuntimeAvailable(JEIPlugin.java:40)
[23:34:55] [ERROR] !   at mezz.jei.library.startup.JeiStarter.lambda$start$3(JeiStarter.java:158)
[23:34:55] [ERROR] !   at mezz.jei.library.load.PluginCaller.callOnPlugins(PluginCaller.java:25)
[23:34:55] [ERROR] !   at mezz.jei.library.startup.JeiStarter.start(JeiStarter.java:158)
[23:34:55] [ERROR] !   at mezz.jei.forge.startup.StartEventObserver.transitionState(StartEventObserver.java:130)
[23:34:55] [ERROR] !   at mezz.jei.forge.startup.StartEventObserver.restart(StartEventObserver.java:109)
[23:34:55] [ERROR] !   at mezz.jei.forge.startup.StartEventObserver.onEvent(StartEventObserver.java:96)
[23:34:55] [ERROR] !   at MC-BOOTSTRAP/net.minecraftforge.eventbus/net.minecraftforge.eventbus.EventBus.doCastFilter(EventBus.java:260)
[23:34:55] [ERROR] !   at MC-BOOTSTRAP/net.minecraftforge.eventbus/net.minecraftforge.eventbus.EventBus.lambda$addListener$11(EventBus.java:252)
[23:34:55] [ERROR] !   at MC-BOOTSTRAP/net.minecraftforge.eventbus/net.minecraftforge.eventbus.EventBus.post(EventBus.java:315)
[23:34:55] [ERROR] !   at MC-BOOTSTRAP/net.minecraftforge.eventbus/net.minecraftforge.eventbus.EventBus.post(EventBus.java:296)
[23:34:55] [ERROR] !   at net.minecraftforge.client.ForgeHooksClient.onRecipesUpdated(ForgeHooksClient.java:718)
[23:34:55] [ERROR] !   at net.minecraft.client.multiplayer.ClientPacketListener.m_6327_(ClientPacketListener.java:1354)
[23:34:55] [ERROR] !   at net.minecraft.network.protocol.game.ClientboundUpdateRecipesPacket.m_5797_(ClientboundUpdateRecipesPacket.java:32)
[23:34:55] [ERROR] !   at net.minecraft.network.protocol.game.ClientboundUpdateRecipesPacket.m_5797_(ClientboundUpdateRecipesPacket.java:14)
[23:34:55] [ERROR] !   at net.minecraft.network.protocol.PacketUtils.m_263899_(PacketUtils.java:22)
[23:34:55] [ERROR] !   at net.minecraft.util.thread.BlockableEventLoop.m_6367_(BlockableEventLoop.java:156)
[23:34:55] [ERROR] !   at net.minecraft.util.thread.ReentrantBlockableEventLoop.m_6367_(ReentrantBlockableEventLoop.java:23)
[23:34:55] [ERROR] !   at net.minecraft.util.thread.BlockableEventLoop.m_7245_(BlockableEventLoop.java:130)
[23:34:55] [ERROR] !   at net.minecraft.util.thread.BlockableEventLoop.m_18699_(BlockableEventLoop.java:115)
[23:34:55] [ERROR] !   at net.minecraft.client.Minecraft.m_91383_(Minecraft.java:1106)
[23:34:55] [ERROR] !   at net.minecraft.client.Minecraft.m_91374_(Minecraft.java:718)
[23:34:55] [ERROR] !   at net.minecraft.client.main.Main.main(Main.java:218)
[23:34:55] [ERROR] !   at java.lang.reflect.Method.invoke(Unknown Source)
[23:34:55] [ERROR] !   at MC-BOOTSTRAP/fmlloader@1.20.1-47.4.6/net.minecraftforge.fml.loading.targets.CommonLaunchHandler.runTarget(CommonLaunchHandler.java:111)
[23:34:55] [ERROR] !   at MC-BOOTSTRAP/fmlloader@1.20.1-47.4.6/net.minecraftforge.fml.loading.targets.CommonLaunchHandler.clientService(CommonLaunchHandler.java:99)
[23:34:55] [ERROR] !   at MC-BOOTSTRAP/fmlloader@1.20.1-47.4.6/net.minecraftforge.fml.loading.targets.CommonClientLaunchHandler.lambda$makeService$0(CommonClientLaunchHandler.java:25)
[23:34:55] [ERROR] !   at MC-BOOTSTRAP/cpw.mods.modlauncher@10.0.9/cpw.mods.modlauncher.LaunchServiceHandlerDecorator.launch(LaunchServiceHandlerDecorator.java:30)
[23:34:55] [ERROR] !   at MC-BOOTSTRAP/cpw.mods.modlauncher@10.0.9/cpw.mods.modlauncher.LaunchServiceHandler.launch(LaunchServiceHandler.java:53)
[23:34:55] [ERROR] !   at MC-BOOTSTRAP/cpw.mods.modlauncher@10.0.9/cpw.mods.modlauncher.LaunchServiceHandler.launch(LaunchServiceHandler.java:71)
[23:34:55] [ERROR] !   at MC-BOOTSTRAP/cpw.mods.modlauncher@10.0.9/cpw.mods.modlauncher.Launcher.run(Launcher.java:108)
[23:34:55] [ERROR] !   at MC-BOOTSTRAP/cpw.mods.modlauncher@10.0.9/cpw.mods.modlauncher.Launcher.main(Launcher.java:78)
[23:34:55] [ERROR] !   at MC-BOOTSTRAP/cpw.mods.modlauncher@10.0.9/cpw.mods.modlauncher.BootstrapLaunchConsumer.accept(BootstrapLaunchConsumer.java:26)
[23:34:55] [ERROR] !   at MC-BOOTSTRAP/cpw.mods.modlauncher@10.0.9/cpw.mods.modlauncher.BootstrapLaunchConsumer.accept(BootstrapLaunchConsumer.java:23)
[23:34:55] [ERROR] !   at cpw.mods.bootstraplauncher@1.1.2/cpw.mods.bootstraplauncher.BootstrapLauncher.main(BootstrapLauncher.java:141)
[23:40:45] [ERROR] ! Error in 'JEIEvents.hideItems': Non [a-z0-9/._-] character in path of location: create:xycraft_world:raw_aluminum
[23:40:45] [ERROR] ! net.minecraft.ResourceLocationException: Non [a-z0-9/._-] character in path of location: create:xycraft_world:raw_aluminum
[23:40:45] [ERROR] !   at net.minecraft.resources.ResourceLocation.m_245185_(ResourceLocation.java:242)
[23:40:45] [ERROR] !   at net.minecraft.resources.ResourceLocation.<init>(ResourceLocation.java:40)
[23:40:45] [ERROR] !   at net.minecraft.resources.ResourceLocation.<init>(ResourceLocation.java:44)
[23:40:45] [ERROR] !   at net.minecraft.resources.ResourceLocation.<init>(ResourceLocation.java:50)
[23:40:45] [ERROR] !   at …kubejs.item.ingredient.IngredientJS.parse(IngredientJS.java:145)
[23:40:45] [ERROR] !   at …kubejs.item.ingredient.IngredientJS.of(IngredientJS.java:55)
[23:40:45] [ERROR] !   at …kubejs.integration.forge.jei.HideJEIEventJS.hide(HideJEIEventJS.java:35)
[23:40:45] [ERROR] !   at java.lang.reflect.Method.invoke(Unknown Source)
[23:40:45] [ERROR] !   at …rhino.MemberBox.invoke(MemberBox.java:160)
[23:40:45] [ERROR] !   at …rhino.NativeJavaMethod.call(NativeJavaMethod.java:463)
[23:40:45] [ERROR] !   at …rhino.Interpreter.interpretLoop(Interpreter.java:986)
[23:40:45] [ERROR] !   at …rhino.Interpreter.interpret(Interpreter.java:370)
[23:40:45] [ERROR] !   at …rhino.InterpretedFunction.call(InterpretedFunction.java:72)
[23:40:45] [ERROR] !   at …rhino.Context.callSync(Context.java:1357)
[23:40:45] [ERROR] !   at …rhino.ArrowFunction.call(ArrowFunction.java:42)
[23:40:45] [ERROR] !   at …rhino.NativeArray.iterativeMethod(NativeArray.java:1314)
[23:40:45] [ERROR] !   at …rhino.NativeArray.execIdCall(NativeArray.java:1798)
[23:40:45] [ERROR] !   at …rhino.IdFunctionObject.call(IdFunctionObject.java:103)
[23:40:45] [ERROR] !   at …rhino.Interpreter.interpretLoop(Interpreter.java:986)
[23:40:45] [ERROR] !   at …rhino.Interpreter.interpret(Interpreter.java:370)
[23:40:45] [ERROR] !   at …rhino.InterpretedFunction.call(InterpretedFunction.java:72)
[23:40:45] [ERROR] !   at …rhino.Context.callSync(Context.java:1357)
[23:40:45] [ERROR] !   at …rhino.ArrowFunction.call(ArrowFunction.java:42)
[23:40:45] [ERROR] !   at …rhino.NativeArray.iterativeMethod(NativeArray.java:1314)
[23:40:45] [ERROR] !   at …rhino.NativeArray.execIdCall(NativeArray.java:1798)
[23:40:45] [ERROR] !   at …rhino.IdFunctionObject.call(IdFunctionObject.java:103)
[23:40:45] [ERROR] !   at …rhino.Interpreter.interpretLoop(Interpreter.java:986)
[23:40:45] [ERROR] !   at …rhino.Interpreter.interpret(Interpreter.java:370)
[23:40:45] [ERROR] !   at …rhino.InterpretedFunction.call(InterpretedFunction.java:72)
[23:40:45] [ERROR] !   at …rhino.Context.callSync(Context.java:1357)
[23:40:45] [ERROR] !   at …rhino.Context.doTopCall(Context.java:1374)
[23:40:45] [ERROR] !   at …rhino.InterpretedFunction.call(InterpretedFunction.java:70)
[23:40:45] [ERROR] !   at …rhino.Context.callSync(Context.java:1357)
[23:40:45] [ERROR] !   at …rhino.ArrowFunction.call(ArrowFunction.java:42)
[23:40:45] [ERROR] !   at …rhino.Context.callSync(Context.java:1357)
[23:40:45] [ERROR] !   at …rhino.InterfaceAdapter.invoke(InterfaceAdapter.java:125)
[23:40:45] [ERROR] !   at …rhino.VMBridge.lambda$newInterfaceProxy$0(VMBridge.java:74)
[23:40:45] [ERROR] !   at TRANSFORMER/jdk.proxy3/jdk.proxy3.$Proxy95.onEvent(Unknown Source)
[23:40:45] [ERROR] !   at …kubejs.event.EventHandlerContainer.handle(EventHandlerContainer.java:39)
[23:40:45] [ERROR] !   at …kubejs.event.EventHandler.postToHandlers(EventHandler.java:304)
[23:40:45] [ERROR] !   at …kubejs.event.EventHandler.post(EventHandler.java:272)
[23:40:45] [ERROR] !   at …kubejs.event.EventHandler.post(EventHandler.java:226)
[23:40:45] [ERROR] !   at …kubejs.event.EventHandler.post(EventHandler.java:189)
[23:40:45] [ERROR] !   at …kubejs.integration.forge.jei.JEIPlugin.onRuntimeAvailable(JEIPlugin.java:40)
[23:40:45] [ERROR] !   at mezz.jei.library.startup.JeiStarter.lambda$start$3(JeiStarter.java:158)
[23:40:45] [ERROR] !   at mezz.jei.library.load.PluginCaller.callOnPlugins(PluginCaller.java:25)
[23:40:45] [ERROR] !   at mezz.jei.library.startup.JeiStarter.start(JeiStarter.java:158)
[23:40:45] [ERROR] !   at mezz.jei.forge.startup.StartEventObserver.transitionState(StartEventObserver.java:130)
[23:40:45] [ERROR] !   at mezz.jei.forge.startup.StartEventObserver.restart(StartEventObserver.java:109)
[23:40:45] [ERROR] !   at mezz.jei.forge.startup.StartEventObserver.onEvent(StartEventObserver.java:96)
[23:40:45] [ERROR] !   at MC-BOOTSTRAP/net.minecraftforge.eventbus/net.minecraftforge.eventbus.EventBus.doCastFilter(EventBus.java:260)
[23:40:45] [ERROR] !   at MC-BOOTSTRAP/net.minecraftforge.eventbus/net.minecraftforge.eventbus.EventBus.lambda$addListener$11(EventBus.java:252)
[23:40:45] [ERROR] !   at MC-BOOTSTRAP/net.minecraftforge.eventbus/net.minecraftforge.eventbus.EventBus.post(EventBus.java:315)
[23:40:45] [ERROR] !   at MC-BOOTSTRAP/net.minecraftforge.eventbus/net.minecraftforge.eventbus.EventBus.post(EventBus.java:296)
[23:40:45] [ERROR] !   at net.minecraftforge.client.ForgeHooksClient.onRecipesUpdated(ForgeHooksClient.java:718)
[23:40:45] [ERROR] !   at net.minecraft.client.multiplayer.ClientPacketListener.m_6327_(ClientPacketListener.java:1354)
[23:40:45] [ERROR] !   at net.minecraft.network.protocol.game.ClientboundUpdateRecipesPacket.m_5797_(ClientboundUpdateRecipesPacket.java:32)
[23:40:45] [ERROR] !   at net.minecraft.network.protocol.game.ClientboundUpdateRecipesPacket.m_5797_(ClientboundUpdateRecipesPacket.java:14)
[23:40:45] [ERROR] !   at net.minecraft.network.protocol.PacketUtils.m_263899_(PacketUtils.java:22)
[23:40:45] [ERROR] !   at net.minecraft.util.thread.BlockableEventLoop.m_6367_(BlockableEventLoop.java:156)
[23:40:45] [ERROR] !   at net.minecraft.util.thread.ReentrantBlockableEventLoop.m_6367_(ReentrantBlockableEventLoop.java:23)
[23:40:45] [ERROR] !   at net.minecraft.util.thread.BlockableEventLoop.m_7245_(BlockableEventLoop.java:130)
[23:40:45] [ERROR] !   at net.minecraft.util.thread.BlockableEventLoop.m_18699_(BlockableEventLoop.java:115)
[23:40:45] [ERROR] !   at net.minecraft.client.Minecraft.m_91383_(Minecraft.java:1106)
[23:40:45] [ERROR] !   at net.minecraft.client.Minecraft.m_91374_(Minecraft.java:718)
[23:40:45] [ERROR] !   at net.minecraft.client.main.Main.main(Main.java:218)
[23:40:45] [ERROR] !   at java.lang.reflect.Method.invoke(Unknown Source)
[23:40:45] [ERROR] !   at MC-BOOTSTRAP/fmlloader@1.20.1-47.4.6/net.minecraftforge.fml.loading.targets.CommonLaunchHandler.runTarget(CommonLaunchHandler.java:111)
[23:40:45] [ERROR] !   at MC-BOOTSTRAP/fmlloader@1.20.1-47.4.6/net.minecraftforge.fml.loading.targets.CommonLaunchHandler.clientService(CommonLaunchHandler.java:99)
[23:40:45] [ERROR] !   at MC-BOOTSTRAP/fmlloader@1.20.1-47.4.6/net.minecraftforge.fml.loading.targets.CommonClientLaunchHandler.lambda$makeService$0(CommonClientLaunchHandler.java:25)
[23:40:45] [ERROR] !   at MC-BOOTSTRAP/cpw.mods.modlauncher@10.0.9/cpw.mods.modlauncher.LaunchServiceHandlerDecorator.launch(LaunchServiceHandlerDecorator.java:30)
[23:40:45] [ERROR] !   at MC-BOOTSTRAP/cpw.mods.modlauncher@10.0.9/cpw.mods.modlauncher.LaunchServiceHandler.launch(LaunchServiceHandler.java:53)
[23:40:45] [ERROR] !   at MC-BOOTSTRAP/cpw.mods.modlauncher@10.0.9/cpw.mods.modlauncher.LaunchServiceHandler.launch(LaunchServiceHandler.java:71)
[23:40:45] [ERROR] !   at MC-BOOTSTRAP/cpw.mods.modlauncher@10.0.9/cpw.mods.modlauncher.Launcher.run(Launcher.java:108)
[23:40:45] [ERROR] !   at MC-BOOTSTRAP/cpw.mods.modlauncher@10.0.9/cpw.mods.modlauncher.Launcher.main(Launcher.java:78)
[23:40:45] [ERROR] !   at MC-BOOTSTRAP/cpw.mods.modlauncher@10.0.9/cpw.mods.modlauncher.BootstrapLaunchConsumer.accept(BootstrapLaunchConsumer.java:26)
[23:40:45] [ERROR] !   at MC-BOOTSTRAP/cpw.mods.modlauncher@10.0.9/cpw.mods.modlauncher.BootstrapLaunchConsumer.accept(BootstrapLaunchConsumer.java:23)
[23:40:45] [ERROR] !   at cpw.mods.bootstraplauncher@1.1.2/cpw.mods.bootstraplauncher.BootstrapLauncher.main(BootstrapLauncher.java:141)
